rank,name,team,fd_pts,fd_pos,fd_val,dk_pts,dk_pos,dk_val,lp,platoon,pitcher,hfa,tpa,ba,obp,slg,woba,bb,h,1b,2b,3b,hr,rbi,r,sb,outs
1,Anthony Rizzo,CHC,3.915948,1B,1072.537224702677359352064940597,10.047907,1B,497.616070690144723672303097551,3,Y,Edinson Volquez,Y,4.53,0.277,0.389,0.521,0.376,0.68,1.04,0.56,0.26,0.02,0.21,0.77,0.74,0.09,1.82
2,Mike Trout,ANA,3.86985,OF,1292.039743142499063271186221689,9.934501,OF,483.164680339757376842581222751,2,N,Anibal Sanchez,Y,4.73,0.248,0.338,0.435,0.333,0.54,1.02,0.62,0.2,0.03,0.17,0.75,0.89,0.16,1.84
3,Bryce Harper,WAS,3.983461,OF,1506.227875709088152237463853669,9.923895,OF,523.987809222084675422301424995,4,Y,Anthony DeSclafani,N,4.07,0.282,0.407,0.609,0.407,0.71,0.93,0.45,0.18,0.02,0.29,0.76,0.72,0.06,1.37
4,George Springer,HOU,3.950381,OF,987.246546598922989959702621089,9.80757,OF,499.614073618643557986330966795,1,Y,Carlos Rodon,Y,4.9,0.222,0.351,0.438,0.336,0.79,0.9,0.47,0.2,0.02,0.21,0.59,0.83,0.14,1.45
5,Jose Altuve,HOU,3.37708,2B,1125.232449334928399682566003766,9.393851,2B,468.3915041871539158966860343,2,Y,Carlos Rodon,Y,4.74,0.29,0.357,0.434,0.337,0.44,1.23,0.83,0.28,0.03,0.09,0.53,0.63,0.26,2.36
6,Prince Fielder,TEX,3.370508,1B,1335.110315715019813037085210895,9.058304,1B,607.177679177029165724621297762,3,Y,Steven Wright,Y,4.64,0.274,0.37,0.468,0.347,0.58,1.09,0.67,0.23,0.01,0.17,0.7,0.69,0.01,2.08
7,Evan Gattis,HOU,3.468454,C,1153.251563953277166137996928892,8.988786,C/OF,489.498804399170255026652097402,4,Y,Carlos Rodon,Y,4.46,0.24,0.32,0.476,0.331,0.45,0.95,0.49,0.22,0.01,0.24,0.81,0.71,0.01,1.72
8,Jose Abreu,CWS,3.449434,1B,1043.649479885685593636521237978,8.956091,1B,580.610447124755655117841031317,3,N,Lance McCullers,N,4.25,0.27,0.357,0.515,0.362,0.46,1.0,0.56,0.2,0.01,0.23,0.71,0.67,0.02,1.61
9,Miguel Cabrera,DET,3.45984,1B,1416.250462449130595634480207178,8.904244,1B/3B,550.299385326817189645746455286,3,Y,Hector Santiago,N,4.15,0.289,0.413,0.541,0.377,0.72,0.97,0.53,0.23,0.01,0.2,0.63,0.63,0.02,1.6
10,Kyle Seager,SEA,3.311278,3B,1117.393344805238340000446957338,8.881272,3B,517.943826064554716936943266685,2,Y,Trevor Bauer,Y,4.66,0.246,0.332,0.445,0.333,0.52,1.0,0.57,0.24,0.01,0.18,0.63,0.71,0.07,2.06
11,Lucas Duda,NYM,3.400213,1B,1176.396890430099526117922612496,8.841797,1B,520.256232980693856689991864776,3,Y,Dan Haren,Y,4.31,0.248,0.339,0.505,0.351,0.5,0.93,0.46,0.22,0.01,0.24,0.69,0.7,0.01,1.72
12,Nelson Cruz,SEA,3.34433,OF,1345.560994279870706539127418646,8.758221,OF,570.892193745739003388930240513,3,N,Trevor Bauer,Y,4.52,0.234,0.316,0.45,0.327,0.45,0.94,0.53,0.18,0.01,0.22,0.73,0.68,0.04,1.77
13,Paul Goldschmidt,ARI,3.34387,1B,1525.178909467174262157320709239,8.644367,1B,613.116032671912240653364208161,3,N,Jimmy Nelson,N,4.12,0.278,0.382,0.5,0.372,0.59,0.96,0.58,0.19,0.01,0.18,0.61,0.63,0.07,1.52
14,Josh Donaldson,TOR,3.142778,3B,1527.31118774536413326044664943,8.612601,3B,650.210081716313109129286263232,2,N,Trevor May,N,4.35,0.279,0.354,0.482,0.366,0.44,1.07,0.66,0.21,0.02,0.18,0.59,0.67,0.04,2.08
15,Dexter Fowler,CHC,3.236029,OF,1174.278722471275751855128615968,8.596059,OF,488.595994978629160176774030983,1,Y,Edinson Volquez,Y,4.84,0.242,0.34,0.396,0.33,0.63,1.0,0.62,0.22,0.05,0.1,0.44,0.67,0.15,1.83
16,Jose Bautista,TOR,3.201567,OF,1468.031123509206585400211833768,8.565868,OF,630.408967310726712109035534987,3,N,Trevor May,N,4.22,0.264,0.37,0.488,0.37,0.59,0.94,0.55,0.19,0.01,0.19,0.65,0.63,0.03,2.0
17,Michael Brantley,CLE,3.089634,OF,1424.116901872519528203016926925,8.522695,OF,551.468754895018535803522242671,3,Y,Taijuan Walker,N,4.26,0.297,0.372,0.473,0.36,0.46,1.12,0.72,0.26,0.02,0.12,0.6,0.56,0.1,2.08
18,Shin-Soo Choo,TEX,3.149804,OF,1079.432244038041732120474797797,8.483687,OF,554.00440869636043856874964859,2,Y,Steven Wright,Y,4.79,0.25,0.344,0.413,0.334,0.56,1.03,0.66,0.21,0.03,0.14,0.55,0.68,0.04,1.96
19,Edwin Encarnacion,TOR,3.123993,1B,1312.42291516018121679530011751,8.427386,1B,557.70555662218391325613897358,4,N,Trevor May,N,4.09,0.269,0.355,0.503,0.367,0.47,0.95,0.54,0.2,0.01,0.21,0.67,0.62,0.02,2.0
20,Ryan Braun,MIL,3.122585,OF,1409.088943935873643151427423112,8.418904,OF,593.901533976394076948733469345,3,N,Rubby de la Rosa,Y,4.36,0.253,0.317,0.447,0.33,0.36,1.0,0.61,0.18,0.02,0.18,0.67,0.67,0.06,1.92
21,Curtis Granderson,NYM,3.107252,OF,901.11777223089726871203236815,8.378693,OF,429.661284880589371158484980891,1,Y,Dan Haren,Y,4.57,0.229,0.309,0.447,0.329,0.47,0.93,0.49,0.2,0.02,0.21,0.5,0.71,0.05,1.98
22,Ryan Howard,PHI,3.206105,1B,998.095820317799947288064489467,8.368402,1B,489.938222375072325636364027445,4,Y,Chad Bettis,Y,4.28,0.238,0.317,0.447,0.324,0.43,0.9,0.51,0.2,0.01,0.19,0.77,0.7,0.01,1.7
23,Manny Machado,BAL,2.981843,3B,1106.698105835887402522533882569,8.324526,3B,516.545927059390528661932222928,1,N,Nate Karns,Y,4.84,0.237,0.295,0.388,0.302,0.37,1.04,0.69,0.19,0.02,0.15,0.47,0.65,0.15,2.18
24,Joey Votto,CIN,3.117321,1B,1026.522453093537688290682929348,8.315545,1B,481.026799806867739877542602439,2,Y,Stephen Strasburg,Y,4.46,0.258,0.359,0.454,0.343,0.6,0.99,0.59,0.2,0.02,0.17,0.48,0.65,0.05,1.82
25,Jason Kipnis,CLE,3.023448,2B,1620.666206265164805215766899249,8.303364,2B,566.035645311948265787215880214,1,Y,Taijuan Walker,N,4.55,0.266,0.352,0.417,0.339,0.53,1.05,0.69,0.23,0.03,0.1,0.42,0.62,0.14,1.99
26,Brian Dozier,MIN,2.883606,2B,1352.473257442244190086995241375,8.280608,2B,555.514764133261712183453195707,1,Y,Mark Buehrle,Y,4.76,0.245,0.306,0.412,0.319,0.38,1.06,0.65,0.23,0.02,0.15,0.52,0.72,0.06,2.61
27,Carlos Gomez,MIL,2.99925,OF,1266.983412519796615820621822123,8.270538,OF,616.646704241005845085289493864,1,N,Rubby de la Rosa,Y,4.63,0.232,0.278,0.408,0.303,0.24,0.99,0.61,0.19,0.03,0.17,0.5,0.69,0.14,2.06
28,Adam LaRoche,CWS,3.214248,1B,840.009856115645090235725432512,8.269781,1B,447.412089872754792418324016077,4,Y,Lance McCullers,N,4.13,0.246,0.367,0.482,0.354,0.66,0.84,0.44,0.19,0.01,0.2,0.63,0.61,0.02,1.55
29,Adrian Beltre,TEX,2.928177,3B,1024.528230363123540687601876526,8.265449,3B,556.533589403310092409982809161,4,N,Steven Wright,Y,4.52,0.273,0.334,0.441,0.333,0.37,1.11,0.73,0.22,0.01,0.14,0.67,0.6,0.02,2.27
30,Albert Pujols,ANA,2.931842,1B,920.92275095315504723651547389,8.214561,1B,474.766697818666146614529979143,3,N,Anibal Sanchez,Y,4.58,0.237,0.297,0.387,0.296,0.34,0.99,0.65,0.19,0.01,0.14,0.78,0.7,0.03,2.42
31,Leonys Martin,TEX,2.853711,OF,1016.22063341382501591786974925,8.213643,OF,547.868954129123946584968448227,1,Y,Steven Wright,Y,4.95,0.24,0.289,0.369,0.293,0.33,1.09,0.74,0.2,0.06,0.09,0.42,0.6,0.2,2.37
32,Chris Davis,BAL,3.255356,1B,1013.714014688408886769987675696,8.211935,1B/3B,535.805507471746914704025299762,5,Y,Nate Karns,Y,4.28,0.219,0.324,0.455,0.324,0.56,0.8,0.41,0.16,0.01,0.23,0.64,0.66,0.02,1.31
33,Justin Upton,SDP,3.201332,OF,1311.953899189462386281710238113,8.173063,OF,538.353858278102101990404331889,3,Y,Francisco Liriano,Y,4.41,0.216,0.335,0.389,0.319,0.65,0.8,0.48,0.16,0.02,0.15,0.61,0.62,0.12,1.52
34,Chris Carter,HOU,3.244768,1B,893.746486651742127634394816517,8.091767,1B/OF,519.04608721432537540935125789,5,Y,Carlos Rodon,Y,4.33,0.201,0.325,0.426,0.319,0.65,0.73,0.35,0.16,0.01,0.21,0.65,0.66,0.02,1.29
35,Brandon Moss,CLE,3.085955,OF,1069.361024383051599909914434915,7.956548,1B/OF,527.867110209100730618353587511,4,Y,Taijuan Walker,N,4.14,0.232,0.334,0.455,0.334,0.53,0.82,0.44,0.18,0.01,0.2,0.66,0.6,0.02,1.49
36,Adam Lind,MIL,2.92342,1B,820.956277236934822912889697683,7.939312,1B,503.821993643781728190049717154,4,Y,Rubby de la Rosa,Y,4.23,0.254,0.328,0.445,0.329,0.43,0.95,0.58,0.2,0.01,0.17,0.66,0.61,0.02,1.91
37,Adam Jones,BAL,2.829252,OF,1060.350933745032255875404523882,7.889643,OF,570.368012849250593467917369645,4,N,Nate Karns,Y,4.41,0.25,0.297,0.426,0.314,0.24,1.02,0.65,0.19,0.01,0.17,0.64,0.57,0.04,2.02
38,Josh Hamilton,TEX,2.929104,OF,853.503323883344531296942682814,7.886787,OF,456.459645734061285032802331292,5,Y,Steven Wright,Y,4.39,0.246,0.319,0.435,0.316,0.42,0.96,0.56,0.22,0.02,0.16,0.6,0.59,0.02,1.78
39,Chase Utley,PHI,2.804058,2B,998.552811675079474105029211237,7.878397,2B,507.717496338404881094466298157,3,Y,Chad Bettis,Y,4.4,0.25,0.319,0.41,0.312,0.38,0.99,0.62,0.22,0.02,0.12,0.65,0.63,0.03,2.26
40,Buster Posey,SFG,2.799979,C,1428.582142937500602683091551759,7.869293,1B/C,533.720119456728831929374087354,4,N,Mike Foltynewicz,Y,4.36,0.27,0.341,0.427,0.336,0.42,1.05,0.69,0.22,0.01,0.12,0.64,0.56,0.02,2.17
41,Melky Cabrera,CWS,2.746498,OF,801.020062639768898429927857221,7.866959,OF,483.032897463937463001904547869,2,Y,Lance McCullers,N,4.39,0.278,0.341,0.436,0.34,0.38,1.1,0.73,0.22,0.04,0.11,0.48,0.57,0.06,2.19
42,Freddie Freeman,ATL,2.857084,1B,1120.023072475292991035615333676,7.863614,1B,534.105565201954215962278921626,3,Y,Tim Hudson,N,4.13,0.296,0.371,0.479,0.36,0.44,1.08,0.67,0.27,0.03,0.11,0.53,0.55,0.02,1.84
43,Ben Revere,PHI,2.563205,OF,1131.39604518561722530971966737,7.852425,OF,522.13169816967369952594262282,1,Y,Chad Bettis,Y,4.67,0.278,0.312,0.36,0.306,0.23,1.21,0.94,0.21,0.05,0.02,0.33,0.57,0.26,2.67
44,Kris Bryant,CHC,3.009871,3B,1528.304701430725768645898777722,7.822405,3B,600.838233254350803876812821632,2,N,Edinson Volquez,Y,4.69,0.21,0.305,0.377,0.305,0.56,0.86,0.5,0.19,0.02,0.15,0.54,0.63,0.05,1.53
45,Joc Pederson,LOS,2.933588,OF,1193.078237298489085720285193422,7.817098,OF,486.113900580496752119520568886,1,Y,John Lackey,N,4.44,0.237,0.334,0.429,0.327,0.57,0.9,0.53,0.18,0.03,0.16,0.41,0.61,0.06,1.69
46,Todd Frazier,CIN,2.814647,3B,1421.137357544303068910595182984,7.726467,1B/3B,543.586091806255045158414576805,3,N,Stephen Strasburg,Y,4.33,0.23,0.289,0.424,0.311,0.3,0.91,0.54,0.16,0.01,0.19,0.59,0.57,0.06,1.96
47,Hanley Ramirez,BOS,2.763018,OF,1085.76925666065150498476665733,7.718711,OF/SS,608.909959188781650200402631994,4,N,Yovani Gallardo,N,4.11,0.272,0.337,0.451,0.345,0.35,1.0,0.66,0.18,0.02,0.15,0.58,0.52,0.06,2.01
48,Nori Aoki,SFG,2.52678,OF,1147.705775730376210038072170906,7.700384,OF,493.481883500874761570332076946,1,Y,Mike Foltynewicz,Y,4.76,0.269,0.331,0.357,0.317,0.4,1.15,0.88,0.19,0.05,0.03,0.31,0.56,0.19,2.68
49,Evan Longoria,TAM,2.828051,3B,1166.881361050419529209338869773,7.657507,3B,574.599540033068203528903075114,3,N,Miguel Gonzalez,N,4.14,0.251,0.336,0.46,0.336,0.45,0.91,0.53,0.19,0.01,0.18,0.56,0.54,0.01,1.8
50,Ian Desmond,WAS,2.825177,SS,1203.464420105359770378988643898,7.657465,SS,574.602691621835685830754694928,2,N,Anthony DeSclafani,N,4.33,0.236,0.301,0.423,0.319,0.35,0.92,0.56,0.17,0.02,0.17,0.46,0.58,0.09,1.69
51,Mookie Betts,BOS,2.647535,OF,1133.129495927343736721138719602,7.654995,OF,574.788095877267065491225010598,2,N,Yovani Gallardo,N,4.39,0.267,0.325,0.41,0.331,0.35,1.06,0.74,0.18,0.04,0.1,0.46,0.54,0.11,2.24
52,Kole Calhoun,ANA,2.759537,OF,1014.66296701221980353950680857,7.629046,OF,511.204153179834018565361907636,4,Y,Anibal Sanchez,Y,4.46,0.238,0.297,0.375,0.297,0.35,0.96,0.63,0.21,0.02,0.1,0.67,0.61,0.06,2.03
53,Pablo Sandoval,BOS,2.664447,3B,975.81224171469727114106604485,7.620538,3B,603.63192205064786764399048991,3,Y,Yovani Gallardo,N,4.25,0.274,0.337,0.443,0.336,0.36,1.05,0.7,0.19,0.02,0.14,0.58,0.53,0.01,2.18
54,Adrian Gonzalez,LOS,2.747227,1B,1419.613304615890860129141130311,7.607929,1B,604.632351327148294890764622015,4,Y,John Lackey,N,4.04,0.279,0.35,0.479,0.347,0.4,1.0,0.6,0.23,0.01,0.15,0.57,0.5,0.01,1.9
55,Troy Tulowitzki,COL,2.832217,SS,1377.013131409069290947692214262,7.596601,SS,526.551282606523628133161133512,3,Y,Cole Hamels,N,3.97,0.254,0.343,0.485,0.349,0.46,0.88,0.48,0.2,0.01,0.19,0.52,0.53,0.03,1.69
56,Denard Span,WAS,2.559121,OF,1367.65709788634456909227816895,7.560508,OF,595.198100445102366137301885006,1,Y,Anthony DeSclafani,N,4.48,0.272,0.325,0.413,0.33,0.34,1.11,0.75,0.23,0.05,0.08,0.34,0.53,0.12,2.32
57,Matt Carpenter,STL,2.653803,3B,1469.589114188204625588259565613,7.547894,3B,596.192792320612875591522615447,2,Y,Mike Bolsinger,Y,4.54,0.261,0.341,0.403,0.33,0.49,1.04,0.68,0.25,0.02,0.09,0.42,0.58,0.04,2.18
58,Jay Bruce,CIN,2.809684,OF,1067.73573113560101420657981467,7.545117,OF,530.144197896467344376502047616,4,Y,Stephen Strasburg,Y,4.21,0.223,0.295,0.432,0.304,0.39,0.84,0.46,0.17,0.02,0.2,0.6,0.55,0.03,1.74
59,Giancarlo Stanton,MIA,2.901087,OF,1516.672888472493241326440744452,7.52441,OF,558.183299421482880385305957543,3,N,Matt Harvey,N,3.94,0.227,0.321,0.47,0.332,0.46,0.78,0.4,0.15,0.01,0.22,0.53,0.53,0.05,1.4
60,Ender Inciarte,ARI,2.541502,OF,1141.057532120769529199662246971,7.50655,OF,466.259466732387048644184079237,1,Y,Jimmy Nelson,N,4.4,0.286,0.336,0.406,0.333,0.32,1.15,0.83,0.22,0.04,0.06,0.32,0.52,0.15,2.21
61,Eric Hosmer,KAN,2.754291,1B,1270.744449297478007951955693861,7.501971,1B,533.193210157703888751369473436,4,Y,Jake Arrieta,N,3.97,0.277,0.356,0.456,0.347,0.44,0.96,0.6,0.22,0.03,0.12,0.53,0.49,0.06,1.7
62,Ryan Zimmerman,WAS,2.779421,1B,1007.404060054234317147348314631,7.485098,1B/3B,574.474776415753006841059395616,5,N,Anthony DeSclafani,N,3.97,0.259,0.339,0.465,0.349,0.42,0.91,0.54,0.18,0.01,0.17,0.56,0.52,0.02,1.65
63,Marcus Semien,OAK,2.68869,SS,1078.59217685936273798764454065,7.469332,3B/SS,508.746966930911626367659115969,2,Y,Chris Capuano,Y,4.6,0.228,0.292,0.379,0.297,0.38,0.95,0.59,0.22,0.03,0.12,0.49,0.58,0.07,1.98
64,Adam Eaton,CWS,2.542853,OF,1022.473575940095632740075812484,7.464936,OF,509.046561149352117687278229847,1,Y,Lance McCullers,N,4.54,0.265,0.328,0.376,0.321,0.38,1.09,0.79,0.19,0.06,0.05,0.32,0.52,0.16,2.21
65,Jimmy Paredes,BAL,2.726527,2B,1210.330944824679894972615345456,7.463348,3B/OF,576.14893476761367686459213747,3,Y,Nate Karns,Y,4.52,0.227,0.281,0.389,0.295,0.31,0.95,0.59,0.18,0.02,0.15,0.57,0.54,0.06,1.76
66,Kevin Kiermaier,TAM,2.59474,OF,847.869150666348073410052644967,7.431139,OF,524.818604523478836824341463671,1,Y,Miguel Gonzalez,N,4.41,0.246,0.299,0.42,0.314,0.32,0.99,0.62,0.18,0.04,0.15,0.41,0.56,0.06,2.09
67,Gregory Polanco,PIT,2.675477,OF,1046.542354877279827111202974273,7.390091,OF,433.012259253641125664081809006,1,Y,James Shields,N,4.3,0.226,0.297,0.376,0.299,0.4,0.87,0.56,0.16,0.05,0.11,0.32,0.49,0.22,1.77
68,A.J. Pollock,ARI,2.589347,OF,1583.410798166487535274337506716,7.389005,OF,595.479364271644152358808797666,2,N,Jimmy Nelson,N,4.26,0.264,0.318,0.405,0.325,0.31,1.02,0.71,0.18,0.03,0.1,0.39,0.53,0.13,1.99
69,Logan Morrison,SEA,2.712798,1B,1032.144671295098271231400200089,7.387639,1B/OF,460.228227177857499534018919982,5,Y,Trevor Bauer,Y,4.26,0.226,0.317,0.405,0.311,0.5,0.84,0.49,0.19,0.01,0.15,0.55,0.55,0.04,1.89
70,Kolten Wong,STL,2.496108,2B,1362.120549271105256663573851773,7.377412,2B,555.75044473590467768371889763,1,Y,Mike Bolsinger,Y,4.68,0.243,0.297,0.372,0.293,0.34,1.04,0.71,0.2,0.03,0.1,0.39,0.57,0.1,2.42
71,Andrew McCutchen,PIT,2.721627,OF,1653.422750435676894739800861764,7.370358,OF,610.553788567665234171800067242,3,N,James Shields,N,4.01,0.252,0.342,0.44,0.34,0.45,0.88,0.54,0.16,0.03,0.14,0.49,0.5,0.06,1.69
72,Brandon Belt,SFG,2.710726,1B,1328.057501938595047968699160299,7.362496,1B,597.623414668069089613087735464,5,Y,Mike Foltynewicz,Y,4.24,0.239,0.319,0.411,0.314,0.45,0.89,0.53,0.22,0.02,0.13,0.58,0.54,0.02,1.79
73,Travis Snider,BAL,2.629211,OF,836.752927018790047660686038512,7.32312,OF,491.593746927539081702880739357,2,Y,Nate Karns,Y,4.68,0.22,0.29,0.371,0.288,0.42,0.93,0.59,0.17,0.01,0.15,0.51,0.59,0.01,1.96
74,Freddy Galvis,PHI,2.521308,SS,1070.872737483877416007881623348,7.301353,3B/SS,479.363208435477643664126361237,2,Y,Chad Bettis,Y,4.53,0.234,0.285,0.363,0.29,0.31,0.97,0.66,0.19,0.02,0.1,0.48,0.62,0.08,2.27
75,Yoenis Cespedes,DET,2.68084,OF,1268.259202339565210904045000821,7.296577,OF,603.022485749139630815929167882,4,Y,Hector Santiago,N,4.01,0.244,0.318,0.443,0.326,0.38,0.87,0.5,0.2,0.01,0.16,0.55,0.49,0.05,1.77
76,Nolan Arenado,COL,2.641956,3B,1211.223805392671187559520294812,7.266654,3B,550.459675113195151441089667954,5,Y,Cole Hamels,N,3.76,0.264,0.332,0.493,0.349,0.34,0.89,0.5,0.2,0.01,0.19,0.51,0.48,0.04,1.78
77,J.D. Martinez,DET,2.7593,OF,1087.2322690537455151668901533,7.26577,OF,550.526647554216552409448688852,5,Y,Hector Santiago,N,3.91,0.246,0.336,0.46,0.336,0.46,0.84,0.46,0.2,0.01,0.17,0.51,0.5,0.03,1.45
78,Trevor Plouffe,MIN,2.496548,3B,1161.603942724113455859851282652,7.265054,3B,564.34542675112944790224546163,4,Y,Mark Buehrle,Y,4.33,0.245,0.3,0.402,0.31,0.32,0.97,0.61,0.22,0.01,0.13,0.6,0.55,0.01,2.34
79,Jhonny Peralta,STL,2.577033,SS,1280.542391191730955715351724251,7.264512,SS,564.387532156323783345667265743,3,N,Mike Bolsinger,Y,4.42,0.247,0.313,0.393,0.313,0.38,0.98,0.64,0.21,0.01,0.12,0.54,0.53,0.02,2.01
80,Ian Kinsler,DET,2.522369,2B,1308.293909416108428227590808483,7.254758,2B,551.362292167429981813314792857,2,Y,Hector Santiago,N,4.28,0.255,0.325,0.407,0.33,0.39,0.97,0.61,0.24,0.02,0.1,0.43,0.5,0.09,2.21
81,Jose Reyes,TOR,2.356469,SS,1357.963970669675688498342223047,7.221756,SS,581.576004506383212060889346027,1,Y,Trevor May,N,4.49,0.266,0.305,0.395,0.31,0.25,1.11,0.77,0.22,0.05,0.07,0.37,0.52,0.09,2.51
82,Mike Moustakas,KAN,2.536651,3B,1064.395535688590980785295257409,7.19453,3B,514.279598528326381292454128345,2,Y,Jake Arrieta,N,4.22,0.248,0.312,0.416,0.32,0.36,0.94,0.57,0.22,0.03,0.12,0.43,0.55,0.05,2.02
83,Miguel Montero,CHC,2.638023,C,1099.308080331369362587058566207,7.173924,C,473.938670105788686916672103023,5,Y,Edinson Volquez,Y,4.28,0.244,0.343,0.401,0.316,0.55,0.89,0.55,0.22,0.01,0.11,0.51,0.51,0.01,1.76
84,Starlin Castro,CHC,2.491608,SS,1043.502830300753569582374113424,7.170071,SS,529.980804932057158150874656611,4,N,Edinson Volquez,Y,4.41,0.251,0.302,0.381,0.303,0.29,1.02,0.69,0.21,0.02,0.09,0.55,0.47,0.07,2.07
85,David Peralta,ARI,2.577231,OF,1164.040010383236892618473082157,7.164253,OF,544.369385056613718136419805386,4,Y,Jimmy Nelson,N,4.0,0.263,0.322,0.442,0.331,0.33,0.95,0.6,0.19,0.02,0.14,0.55,0.48,0.03,1.79
86,Dustin Pedroia,BOS,2.358398,2B,1356.853253776504220237635886734,7.163226,2B,586.328003611780502248567893851,1,N,Yovani Gallardo,N,4.53,0.267,0.328,0.378,0.323,0.38,1.09,0.81,0.18,0.03,0.07,0.37,0.55,0.06,2.49
87,Brett Gardner,NYY,2.494976,OF,1402.819105273958547096244613175,7.161902,OF,530.585310996994932351769125017,1,Y,Sonny Gray,N,4.49,0.241,0.317,0.355,0.306,0.46,0.94,0.67,0.16,0.06,0.06,0.33,0.5,0.16,2.1
88,Joe Panik,SFG,2.381668,2B,1175.646647643584244319527322868,7.159477,2B,474.89502375662356342509376034,2,Y,Mike Foltynewicz,Y,4.62,0.252,0.306,0.371,0.305,0.35,1.06,0.73,0.22,0.05,0.06,0.4,0.55,0.06,2.41
89,Matt Kemp,SDP,2.683519,OF,931.612557988223671976982462208,7.137711,OF,574.41384219674906983485321835,4,Y,Francisco Liriano,Y,4.29,0.222,0.315,0.366,0.3,0.51,0.83,0.53,0.18,0.02,0.11,0.56,0.5,0.07,1.59
90,Austin Jackson,SEA,2.502643,OF,998.943916491485201844609878437,7.132216,OF,518.772847036601247073840724958,1,N,Trevor Bauer,Y,4.82,0.223,0.28,0.329,0.279,0.35,0.98,0.68,0.21,0.03,0.07,0.35,0.53,0.15,2.01
91,Seth Smith,SEA,2.606933,OF,882.262796934175139905782005138,7.121705,OF,519.538509387850240918431751948,4,Y,Trevor Bauer,Y,4.4,0.22,0.31,0.376,0.304,0.49,0.85,0.51,0.2,0.02,0.12,0.53,0.51,0.03,1.83
92,Hunter Pence,SFG,2.448889,OF,1265.880160350264956884530086909,7.114961,OF,604.360304996752617477453495529,3,N,Mike Foltynewicz,Y,4.48,0.234,0.286,0.364,0.293,0.3,0.97,0.66,0.17,0.03,0.1,0.55,0.52,0.06,2.24
93,Billy Butler,OAK,2.485578,1B,965.570181261662277345551014694,7.091295,1B,521.76647565783118598225006857,4,Y,Chris Capuano,Y,4.33,0.257,0.333,0.392,0.314,0.44,0.99,0.66,0.22,0.01,0.1,0.52,0.5,0.01,2.07
94,Russell Martin,TOR,2.533565,C,1223.572318057756560419803715318,7.05874,C,538.339703686493623507878176558,5,N,Trevor May,N,3.98,0.257,0.341,0.425,0.341,0.42,0.89,0.58,0.18,0.01,0.13,0.48,0.49,0.05,1.88
95,Mitch Moreland,TEX,2.523093,OF,1109.74902629431416122988728517,7.038257,1B,639.362842249153448076704218104,6,Y,Steven Wright,Y,4.25,0.235,0.297,0.406,0.304,0.34,0.9,0.55,0.2,0.02,0.14,0.53,0.52,0.01,1.86
96,Neil Walker,PIT,2.523856,2B,1069.791620441102820446174425166,7.036488,2B,454.772323920683158984993650241,2,Y,James Shields,N,4.15,0.239,0.312,0.417,0.319,0.37,0.89,0.55,0.17,0.03,0.14,0.42,0.52,0.04,1.82
97,Gerardo Parra,MIL,2.39366,OF,1002.648663552885539299649908509,7.025944,OF,469.687774340359103346112636252,2,Y,Rubby de la Rosa,Y,4.49,0.246,0.295,0.376,0.294,0.3,1.01,0.69,0.21,0.02,0.09,0.42,0.56,0.05,2.2
98,Michael Cuddyer,NYM,2.493633,OF,1082.757566971563177099436845759,6.995981,1B/OF,543.168999458403331855818362,5,N,Dan Haren,Y,4.08,0.243,0.299,0.42,0.315,0.29,0.91,0.56,0.18,0.01,0.15,0.53,0.51,0.02,1.87
99,Luis Valbuena,HOU,2.551271,3B,1058.296041463254981536653691435,6.867162,2B/3B,567.920197601279830008379007223,6,N,Carlos Rodon,Y,4.2,0.204,0.296,0.378,0.297,0.47,0.75,0.42,0.16,0.01,0.15,0.53,0.52,0.02,1.69
100,Aramis Ramirez,MIL,2.386367,3B,1215.236382333480139475612929613,6.853741,3B,554.44172751786214273343565215,5,N,Rubby de la Rosa,Y,4.13,0.238,0.284,0.398,0.299,0.22,0.91,0.57,0.19,0.01,0.14,0.58,0.52,0.01,2.06
101,Starling Marte,PIT,2.511237,OF,1473.377462979400192016922337478,6.833451,OF,614.623562823527965591616885817,4,N,James Shields,N,3.91,0.231,0.296,0.393,0.305,0.29,0.82,0.52,0.14,0.04,0.12,0.45,0.41,0.15,1.5
102,Yunel Escobar,WAS,2.357111,3B,1103.045210853455777008380173866,6.821088,3B/SS,513.114623356273955122701832905,3,N,Anthony DeSclafani,N,4.2,0.257,0.324,0.393,0.323,0.37,0.96,0.67,0.18,0.02,0.1,0.44,0.46,0.05,2.02
103,Jimmy Rollins,LOS,2.282896,SS,1182.708279308387241468730945256,6.7535,SS,533.056933441919004960390908418,2,Y,John Lackey,N,4.29,0.24,0.303,0.376,0.304,0.36,0.93,0.62,0.19,0.03,0.09,0.35,0.47,0.09,2.21
104,Rajai Davis,DET,2.283699,OF,1313.658236045993802160442335002,6.734118,OF,564.290676225156731735321537282,1,Y,Hector Santiago,N,4.42,0.241,0.291,0.356,0.295,0.28,0.98,0.67,0.22,0.03,0.06,0.31,0.46,0.15,2.2
105,Derek Norris,SDP,2.436387,C,1108.198328098122342632759081378,6.704969,C,477.257985831105259397918170837,2,Y,Francisco Liriano,Y,4.54,0.202,0.302,0.321,0.287,0.55,0.8,0.53,0.16,0.01,0.09,0.41,0.56,0.05,1.84
106,Lorenzo Cain,KAN,2.362496,OF,1142.859077856639757273663108848,6.699885,OF,567.173914179123970038291702022,3,N,Jake Arrieta,N,4.09,0.25,0.302,0.373,0.299,0.27,0.94,0.64,0.19,0.03,0.07,0.4,0.41,0.14,1.72
107,Jose Ramirez,CLE,2.28305,P,2014.848557850244190885000328508,6.675872,2B/SS,479.338129910219968267815799943,2,Y,Taijuan Walker,N,4.41,0.234,0.291,0.333,0.283,0.34,0.93,0.67,0.18,0.03,0.05,0.36,0.44,0.16,2.06
108,Mark Teixeira,NYY,2.429137,1B,1523.174691258665114400711034413,6.66399,1B,600.240996760199219986824710122,4,Y,Sonny Gray,N,4.07,0.22,0.333,0.377,0.312,0.57,0.75,0.47,0.15,0.01,0.12,0.5,0.46,0.01,1.83
109,Mike Napoli,BOS,2.421237,1B,1362.939687440758587449307936398,6.663929,1B,675.277302624322678107764953678,5,N,Yovani Gallardo,N,4.01,0.236,0.326,0.398,0.324,0.46,0.82,0.54,0.14,0.01,0.13,0.47,0.48,0.02,1.7
110,Torii Hunter,MIN,2.17567,OF,1562.736995959865236915524872798,6.661269,OF,630.510492820512127644147083686,5,Y,Mark Buehrle,Y,4.2,0.257,0.29,0.388,0.303,0.19,1.02,0.71,0.2,0.01,0.1,0.5,0.48,0.02,2.38
111,Jace Peterson,ATL,2.219845,2B,1126.204757539377749347364343006,6.659642,2B/3B,450.474665154673479445291503657,1,Y,Tim Hudson,N,4.41,0.249,0.297,0.368,0.293,0.3,1.0,0.7,0.19,0.06,0.06,0.31,0.49,0.08,2.13
112,Joe Mauer,MIN,2.167587,1B,1430.161742066177735887879010162,6.641516,1B,632.385738436826772682622461498,3,N,Mark Buehrle,Y,4.46,0.249,0.302,0.356,0.289,0.32,1.02,0.74,0.2,0.01,0.07,0.5,0.47,0.01,2.42
113,David Freese,ANA,2.342551,3B,1152.589634121092774500960704805,6.615742,3B,574.387574364296552072314790994,5,N,Anibal Sanchez,Y,4.32,0.224,0.283,0.337,0.281,0.3,0.88,0.62,0.16,0.01,0.09,0.55,0.55,0.02,1.9
114,Pedro Alvarez,PIT,2.511743,1B,1313.828683905956939065820030154,6.61214,1B/3B,514.205688324808609618066163148,6,Y,James Shields,N,3.68,0.221,0.314,0.441,0.317,0.43,0.71,0.39,0.13,0.02,0.18,0.47,0.46,0.03,1.33
115,Yangervis Solarte,SDP,2.170512,3B,1059.657813455995636052691715135,6.530323,2B/3B,444.082168676802050985839444695,1,Y,Francisco Liriano,Y,4.67,0.22,0.292,0.32,0.282,0.42,0.92,0.66,0.18,0.02,0.07,0.36,0.54,0.04,2.35
116,Stephen Vogt,OAK,2.308501,C,1516.135362297872082359938332278,6.527673,1B/C,612.775793150177712639710965914,5,N,Chris Capuano,Y,4.2,0.216,0.283,0.37,0.285,0.35,0.82,0.51,0.16,0.01,0.13,0.51,0.49,0.01,1.9
117,Alcides Escobar,KAN,2.116196,SS,1086.855848891123506518299817219,6.516298,SS,537.114785112651385802184000794,1,N,Jake Arrieta,N,4.37,0.255,0.289,0.356,0.29,0.2,1.04,0.76,0.19,0.05,0.04,0.28,0.45,0.13,2.2
118,David DeJesus,TAM,2.260615,OF,1105.893750152060390645908303714,6.503538,OF,522.792363172168748764134229707,4,Y,Miguel Gonzalez,N,4.0,0.243,0.307,0.406,0.315,0.32,0.88,0.56,0.18,0.02,0.12,0.46,0.43,0.02,1.92
119,Howie Kendrick,LOS,2.16843,2B,1337.373122489543125671568830906,6.489891,2B,554.708854124052314592032439374,3,N,John Lackey,N,4.16,0.272,0.32,0.388,0.314,0.26,1.04,0.76,0.18,0.02,0.07,0.41,0.41,0.04,2.03
120,Brandon Crawford,SFG,2.254386,SS,1286.381302935699565203119607734,6.467201,SS,587.580314884290746491411044747,6,Y,Mike Foltynewicz,Y,4.1,0.233,0.307,0.371,0.293,0.4,0.85,0.55,0.18,0.04,0.08,0.44,0.42,0.05,1.94
121,Ben Zobrist,OAK,2.15042,2B,1395.076310674193878405148761638,6.464832,2B/OF,634.200548444259649748052230901,3,Y,Chris Capuano,Y,4.45,0.234,0.298,0.345,0.287,0.38,0.94,0.64,0.22,0.01,0.07,0.47,0.45,0.02,2.31
122,Wilson Ramos,WAS,2.246282,C,1246.504223423417006413264229514,6.426244,C,560.202818318134200942261140412,6,N,Anthony DeSclafani,N,3.85,0.251,0.304,0.423,0.318,0.27,0.89,0.57,0.17,0.01,0.14,0.46,0.42,0.02,1.78
123,Brad Miller,SEA,2.321606,SS,1076.840773154445672521521739693,6.42114,SS,545.074550624966906187997769866,7,Y,Trevor Bauer,Y,3.98,0.219,0.293,0.374,0.294,0.38,0.78,0.48,0.17,0.02,0.11,0.44,0.45,0.07,1.69
124,Nick Markakis,ATL,2.118188,OF,1227.464228859761267649519306124,6.417439,OF,529.806360450017522566244883668,4,Y,Tim Hudson,N,4.01,0.28,0.339,0.394,0.322,0.33,1.02,0.73,0.2,0.03,0.05,0.44,0.4,0.03,2.15
125,Preston Tucker,HOU,2.230142,OF,1345.205820974628521412537856334,6.393574,OF,594.346761295012773763156569393,3,N,Carlos Rodon,Y,4.59,0.2,0.275,0.301,0.261,0.39,0.82,0.59,0.13,0.01,0.09,0.48,0.45,0.06,2.01
126,Chase Headley,NYY,2.244998,3B,1247.217146741333399851581159538,6.387055,3B,594.953386185025806103125775494,2,Y,Sonny Gray,N,4.35,0.222,0.312,0.339,0.294,0.48,0.84,0.57,0.18,0.02,0.08,0.39,0.47,0.03,1.89
127,Conor Gillaspie,CWS,2.236297,3B,983.769150519810204100796987163,6.379946,3B,470.223415684082592548588969248,6,Y,Lance McCullers,N,3.88,0.24,0.304,0.412,0.306,0.33,0.84,0.5,0.19,0.03,0.12,0.44,0.44,0.02,1.82
128,Jorge Soler,CHC,2.354099,OF,1146.935621653974620438647652457,6.353068,OF,661.097913637946264702345386512,6,N,Edinson Volquez,Y,4.14,0.213,0.291,0.362,0.29,0.4,0.78,0.48,0.17,0.02,0.11,0.45,0.45,0.03,1.45
129,David Murphy,CLE,2.171334,OF,1059.256659730838277298656033572,6.342981,OF,472.963737397290012377461007688,5,Y,Taijuan Walker,N,4.02,0.244,0.305,0.386,0.303,0.33,0.89,0.59,0.19,0.01,0.1,0.46,0.43,0.01,1.99
130,Wilmer Flores,NYM,2.158234,SS,1112.02029066357030794621899201,6.336745,2B/SS,552.334045318219369723730401018,6,N,Dan Haren,Y,3.95,0.231,0.269,0.405,0.294,0.19,0.85,0.52,0.18,0.01,0.15,0.48,0.45,0.01,2.01
131,Salvador Perez,KAN,2.165191,C,1062.261943634533858675747312824,6.328612,C,568.845111692737680869043638637,5,N,Jake Arrieta,N,3.86,0.253,0.296,0.405,0.307,0.21,0.91,0.6,0.19,0.02,0.11,0.48,0.43,0.02,1.91
132,Mark Reynolds,STL,2.31104,1B,951.952367765162004984768762116,6.31242,1B/3B,475.253547767734086134952997425,5,N,Mike Bolsinger,Y,4.18,0.197,0.277,0.346,0.28,0.39,0.73,0.45,0.14,0.01,0.13,0.5,0.47,0.02,1.64
133,Steven Souza,TAM,2.371243,OF,1349.503193051070683181774284627,6.303116,OF,698.067432044722007337323317546,6,N,Miguel Gonzalez,N,3.78,0.211,0.292,0.393,0.306,0.37,0.71,0.41,0.13,0.02,0.15,0.4,0.42,0.08,1.31
134,Alex Rodriguez,NYY,2.222402,3B,1574.872592807241894130764821126,6.300788,3B,618.970198648169086152398715843,3,N,Sonny Gray,N,4.21,0.22,0.303,0.346,0.294,0.42,0.82,0.56,0.15,0.02,0.1,0.47,0.43,0.02,1.84
135,Alex Gordon,KAN,2.298138,OF,1261.891148399269321511588947226,6.290357,OF,619.996607505742519860160560045,6,Y,Jake Arrieta,N,3.74,0.243,0.332,0.408,0.322,0.43,0.79,0.48,0.19,0.02,0.1,0.4,0.4,0.05,1.52
136,Jason Heyward,STL,2.154156,OF,1439.078692536659369145038706575,6.216898,OF,707.74846233603961332484464117,7,Y,Mike Bolsinger,Y,3.88,0.238,0.315,0.381,0.308,0.38,0.82,0.54,0.17,0.01,0.1,0.42,0.4,0.05,1.94
137,Alexei Ramirez,CWS,2.045256,SS,1124.553601113992575990487254408,6.203552,SS,612.552292622033312528048447083,5,N,Lance McCullers,N,4.01,0.239,0.277,0.369,0.289,0.19,0.9,0.61,0.18,0.02,0.09,0.42,0.4,0.08,2.12
138,Johnny Giavotella,ANA,1.958097,2B,1123.53984506385536569434507075,6.178804,2B,420.793409209937716101692172143,1,N,Anibal Sanchez,Y,4.89,0.207,0.247,0.28,0.244,0.23,0.94,0.72,0.17,0.01,0.05,0.41,0.58,0.03,2.52
139,Lonnie Chisenhall,CLE,2.179226,3B,1193.084150060617852393464468578,6.167485,3B,599.920388942980809843882879327,7,Y,Taijuan Walker,N,3.77,0.241,0.308,0.4,0.306,0.33,0.81,0.51,0.18,0.01,0.11,0.45,0.42,0.02,1.73
140,Logan Forsythe,TAM,2.132354,2B,1266.206267814818740227935886819,6.149722,2B/3B,536.609622353660864669980203983,5,N,Miguel Gonzalez,N,3.9,0.238,0.302,0.391,0.307,0.31,0.84,0.54,0.17,0.01,0.11,0.4,0.41,0.03,1.82
141,Robinson Chirinos,TEX,2.141035,C,1307.778714500230028934604058318,6.121278,C,620.785398081903811589671307201,7,N,Steven Wright,Y,4.1,0.215,0.271,0.358,0.281,0.28,0.8,0.51,0.16,0.01,0.12,0.46,0.45,0.01,1.82
142,Brian McCann,NYY,2.094269,C,1671.227526167841857946615262892,6.117826,C,686.518380875820920699607998005,5,Y,Sonny Gray,N,3.97,0.228,0.306,0.372,0.296,0.39,0.8,0.52,0.17,0.01,0.1,0.45,0.41,0.01,2.02
143,Cameron Maybin,ATL,2.008315,OF,1493.789569863293357864677602867,6.114928,OF,506.956091715225428655905678693,2,N,Tim Hudson,N,4.26,0.235,0.274,0.339,0.278,0.22,0.94,0.68,0.16,0.05,0.05,0.31,0.44,0.1,2.06
144,Yasmany Tomas,ARI,2.127883,3B,1456.847016494797881274487366082,6.102931,3B/OF,688.193918626967927377845169804,5,N,Jimmy Nelson,N,3.9,0.241,0.29,0.382,0.299,0.24,0.87,0.59,0.16,0.01,0.11,0.46,0.41,0.02,1.72
145,Dee Gordon,MIA,1.949193,2B,1898.221469090028540016304183321,6.0994,2B,655.80221005344788011935600223,1,Y,Matt Harvey,N,4.22,0.246,0.285,0.335,0.281,0.22,0.97,0.73,0.17,0.05,0.03,0.2,0.35,0.19,2.16
146,Wilin Rosario,COL,2.137156,1B,1450.525839012219978326336495792,6.076101,1B/C,510.195600764371757480660706595,6,Y,Cole Hamels,N,3.65,0.239,0.289,0.436,0.309,0.23,0.81,0.47,0.17,0.0,0.16,0.42,0.39,0.01,1.66
147,Danny Espinosa,WAS,2.230372,2B,1210.560390822696841603104773554,6.044875,2B/SS,512.831117268760727062180772969,7,Y,Anthony DeSclafani,N,3.71,0.213,0.289,0.401,0.294,0.32,0.71,0.4,0.14,0.02,0.15,0.43,0.4,0.03,1.4
148,Brett Lawrie,OAK,2.0654,3B,1065.168974532778154352667764114,6.043659,2B/3B,628.758174476753238394158240893,6,Y,Chris Capuano,Y,4.07,0.227,0.289,0.361,0.287,0.31,0.84,0.55,0.18,0.01,0.09,0.41,0.43,0.02,1.93
149,Justin Turner,LOS,2.033562,3B,1278.54474070620910500884654611,6.033344,2B/3B,546.960358965111221902812105526,5,N,John Lackey,N,3.93,0.252,0.298,0.386,0.305,0.22,0.91,0.62,0.18,0.01,0.09,0.43,0.39,0.02,1.9
150,Andre Ethier,LOS,2.07376,OF,1301.982871691999074145513463468,6.031295,OF,563.726363906922145244097660618,6,Y,John Lackey,N,3.82,0.254,0.324,0.404,0.314,0.35,0.87,0.56,0.18,0.02,0.09,0.38,0.37,0.02,1.81
151,Matt Joyce,ANA,2.081741,OF,1152.881170135958315659825117534,5.943907,OF,504.718529411715223673587086743,6,Y,Anibal Sanchez,Y,4.19,0.197,0.27,0.308,0.258,0.38,0.74,0.49,0.16,0.01,0.08,0.47,0.48,0.03,1.9
152,Will Middlebrooks,SDP,2.147039,3B,1210.970084847084752535934372874,5.917827,3B,523.840930125196292490469897143,5,Y,Francisco Liriano,Y,4.17,0.187,0.264,0.313,0.26,0.38,0.7,0.44,0.14,0.01,0.1,0.49,0.44,0.03,1.62
153,DJ LeMahieu,COL,1.981193,2B,1463.764509565701070011856492528,5.894518,2B/3B,593.772043787125597037790027955,2,Y,Cole Hamels,N,4.11,0.241,0.299,0.353,0.288,0.32,0.9,0.63,0.18,0.03,0.06,0.26,0.38,0.08,1.9
154,Angel Pagan,SFG,1.922387,OF,1300.466555381408634161591812679,5.89234,OF,627.933893835046857445429150388,7,Y,Mike Foltynewicz,Y,3.94,0.252,0.3,0.361,0.294,0.27,0.91,0.64,0.19,0.04,0.04,0.39,0.34,0.06,2.05
155,Asdrubal Cabrera,TAM,2.048918,SS,1073.737455574112775621083908678,5.846855,2B/SS,632.818840214098006535137266103,7,Y,Miguel Gonzalez,N,3.65,0.232,0.297,0.4,0.305,0.3,0.76,0.47,0.15,0.02,0.12,0.39,0.39,0.02,1.68
156,Jake Marisnick,HOU,2.118895,OF,1038.277026468985013415011126083,5.834109,OF,582.779649814564657602386242698,9,Y,Carlos Rodon,Y,3.73,0.212,0.27,0.356,0.274,0.27,0.73,0.44,0.17,0.02,0.09,0.39,0.42,0.09,1.47
157,Carlos Gonzalez,COL,2.093703,OF,1385.105719388088950534053779357,5.830651,OF,668.878998245650442806472210393,4,N,Cole Hamels,N,3.87,0.206,0.278,0.366,0.283,0.34,0.72,0.44,0.13,0.02,0.13,0.4,0.38,0.03,1.54
158,Josh Reddick,OAK,2.002458,OF,1697.913264597809292379665391235,5.814804,OF,773.886789649315780893044718274,7,N,Chris Capuano,Y,3.92,0.21,0.271,0.354,0.276,0.31,0.75,0.47,0.15,0.02,0.11,0.44,0.42,0.02,1.87
159,Chris Young,NYY,1.94323,OF,1132.135671021958285946594072756,5.805952,OF,551.158535241076743314446967526,2,N,Sonny Gray,N,4.35,0.195,0.259,0.309,0.258,0.33,0.77,0.51,0.15,0.01,0.09,0.4,0.43,0.02,2.09
160,Zack Cozart,CIN,1.783876,SS,1289.327285080353118714529485234,5.800171,SS,499.985259055293369798924893766,1,N,Stephen Strasburg,Y,4.6,0.205,0.238,0.314,0.249,0.18,0.89,0.63,0.15,0.02,0.1,0.33,0.46,0.03,2.48
161,Yadier Molina,STL,1.86287,C,1180.973444201688792025208414973,5.777374,C,623.120469611280142154549800653,6,N,Mike Bolsinger,Y,4.04,0.254,0.305,0.357,0.296,0.27,0.94,0.68,0.19,0.01,0.06,0.39,0.36,0.02,2.09
162,Nick Castellanos,DET,2.093411,3B,1146.45427964217251175235058954,5.776345,3B/OF,605.919487149746076454920888555,7,Y,Hector Santiago,N,3.65,0.229,0.308,0.395,0.305,0.38,0.74,0.43,0.19,0.01,0.11,0.38,0.38,0.01,1.45
163,Mike Zunino,SEA,2.119661,C,1085.079170678707585788482214845,5.769881,C,571.935539051845263359850922403,6,N,Trevor Bauer,Y,4.13,0.172,0.239,0.322,0.252,0.28,0.65,0.37,0.13,0.0,0.14,0.45,0.44,0.02,1.46
164,Nick Swisher,CLE,2.077687,1B,1155.13068137789763328162519186,5.74685,1B/OF,574.227620348538764714582771431,6,Y,Taijuan Walker,N,3.9,0.211,0.303,0.351,0.294,0.45,0.72,0.45,0.16,0.01,0.1,0.39,0.4,0.0,1.53
165,Marlon Byrd,CIN,1.988659,OF,1558.839398810957534700519294661,5.725673,OF,611.281852805774971780609895116,6,N,Stephen Strasburg,Y,3.97,0.205,0.252,0.357,0.268,0.2,0.76,0.48,0.13,0.01,0.14,0.42,0.4,0.01,1.69
166,Billy Burns,OAK,1.76922,OF,1639.140412159030533229332700287,5.710377,OF,560.383316197862242720576942643,1,Y,Chris Capuano,Y,4.76,0.207,0.23,0.294,0.237,0.14,0.94,0.67,0.2,0.03,0.05,0.32,0.44,0.05,2.35
167,Ruben Tejada,NYM,1.7893,SS,1341.306656234281562622254512939,5.650076,SS,424.773047300602682158611671772,2,N,Dan Haren,Y,4.44,0.213,0.261,0.316,0.256,0.25,0.87,0.6,0.19,0.01,0.07,0.32,0.43,0.01,2.24
168,Odubel Herrera,PHI,1.918563,OF,1355.180934897629110954396597871,5.636555,2B/OF,567.722660383869225085180575724,7,Y,Chad Bettis,Y,3.87,0.221,0.265,0.328,0.268,0.23,0.79,0.55,0.16,0.02,0.06,0.39,0.36,0.1,1.78
169,A.J. Pierzynski,ATL,1.782588,C,1234.160669767775840519514324118,5.625236,C,533.310957975807592783662765438,6,Y,Tim Hudson,N,3.78,0.26,0.291,0.384,0.295,0.16,0.93,0.64,0.19,0.02,0.07,0.39,0.34,0.01,2.08
170,Chris Colabello,TOR,1.910964,OF,1465.229067632880577551434773235,5.614668,1B/OF,552.125254779089342415259459687,6,N,Trevor May,N,3.86,0.221,0.265,0.362,0.282,0.21,0.8,0.53,0.15,0.01,0.11,0.4,0.39,0.01,1.74
171,Maikel Franco,PHI,1.82087,3B,1372.970063760729761048290103083,5.566355,3B,664.707874363025714313945122077,5,N,Chad Bettis,Y,4.16,0.198,0.215,0.312,0.237,0.08,0.8,0.54,0.15,0.01,0.1,0.53,0.44,0.0,2.05
172,Kurt Suzuki,MIN,1.67878,C,1370.042530885524011484530432815,5.539062,C,559.661545582988599874852456968,6,Y,Mark Buehrle,Y,4.07,0.236,0.279,0.338,0.275,0.23,0.89,0.63,0.2,0.01,0.06,0.38,0.38,0.01,2.46
173,Dustin Ackley,SEA,1.917705,OF,1147.204601333364620731551516005,5.537199,OF,595.969189476484410258688553545,9,Y,Trevor Bauer,Y,3.66,0.22,0.283,0.354,0.282,0.3,0.73,0.47,0.16,0.01,0.09,0.36,0.4,0.05,1.72
174,Xander Bogaerts,BOS,1.828943,SS,1202.880570908989509241129986009,5.522839,3B/SS,651.838664860590721547378078558,7,N,Yovani Gallardo,N,3.75,0.234,0.286,0.363,0.293,0.25,0.8,0.56,0.13,0.03,0.09,0.38,0.37,0.02,1.9
175,Shane Robinson,MIN,1.568693,OF,1402.441395480186371711992085131,5.509237,OF,435.632012200600555031486211248,2,Y,Mark Buehrle,Y,4.6,0.215,0.239,0.288,0.244,0.14,0.95,0.72,0.17,0.02,0.04,0.37,0.42,0.03,2.79
176,Martin Prado,MIA,1.703924,3B,1291.137398146865705277934931371,5.506521,2B/3B,544.808600566491982869038363787,2,N,Matt Harvey,N,4.08,0.235,0.276,0.347,0.282,0.21,0.9,0.64,0.17,0.01,0.08,0.28,0.37,0.02,2.22
177,J.J. Hardy,BAL,1.754891,SS,1253.639114907991436505173255775,5.497625,SS,600.259202837588958868602351015,6,N,Nate Karns,Y,4.14,0.213,0.252,0.328,0.26,0.2,0.82,0.57,0.15,0.01,0.1,0.4,0.39,0.01,2.13
178,Jedd Gyorko,SDP,1.939032,2B,1134.586742250772550427223480583,5.492525,2B/3B,600.816564330612969444836391277,6,Y,Francisco Liriano,Y,4.03,0.193,0.272,0.312,0.265,0.38,0.7,0.46,0.14,0.01,0.09,0.42,0.38,0.01,1.64
179,Brock Holt,BOS,1.767293,3B,1471.176539487227075533032722928,5.478931,3B/OF,602.307274904538859861531382674,6,Y,Yovani Gallardo,N,3.88,0.248,0.298,0.357,0.295,0.27,0.88,0.63,0.16,0.04,0.05,0.32,0.34,0.03,1.95
180,Kevin Pillar,TOR,1.818443,OF,1209.826208465153980630682402473,5.470258,OF,639.823569564726197557775154299,8,N,Trevor May,N,3.57,0.236,0.28,0.366,0.291,0.2,0.78,0.53,0.15,0.02,0.08,0.34,0.36,0.07,1.83
181,Marcell Ozuna,MIA,1.869723,OF,1390.580315907757459260008033276,5.425122,OF,626.714016753908944351850520597,5,N,Matt Harvey,N,3.72,0.218,0.273,0.367,0.284,0.25,0.75,0.48,0.14,0.01,0.12,0.37,0.35,0.02,1.62
182,Carlos Beltran,NYY,1.803118,OF,1497.40615977434643767074589683,5.419908,OF,627.316921246633706697604461183,6,Y,Sonny Gray,N,3.84,0.223,0.293,0.343,0.282,0.35,0.77,0.52,0.16,0.01,0.08,0.36,0.35,0.01,1.9
183,Mark Canha,OAK,1.927491,OF,1348.903834051624624965823446128,5.418939,1B/OF,627.429096360007005061322889961,9,Y,Chris Capuano,Y,3.61,0.207,0.265,0.353,0.277,0.26,0.69,0.42,0.15,0.01,0.1,0.38,0.42,0.04,1.53
184,Chris Johnson,ATL,1.746097,3B,1259.952912123438732212471586631,5.410659,1B/3B,554.461110929371080306483923677,5,N,Tim Hudson,N,3.9,0.249,0.277,0.35,0.28,0.14,0.92,0.67,0.18,0.02,0.05,0.38,0.35,0.01,1.85
185,Brandon Barnes,COL,1.805137,OF,1384.936434187543660121087762314,5.383192,OF,557.290172819397859114072097002,1,Y,Cole Hamels,N,4.26,0.197,0.232,0.32,0.249,0.18,0.79,0.51,0.16,0.02,0.1,0.27,0.38,0.06,1.77
186,Alex Guerrero,LOS,1.829713,OF,1639.60140196850544320338763511,5.354748,3B/OF,541.5754392176812055394576925,7,N,John Lackey,N,3.67,0.217,0.259,0.371,0.279,0.18,0.75,0.47,0.14,0.01,0.12,0.4,0.35,0.01,1.64
187,Joey Butler,TAM,1.774256,OF,1296.318005969826225753217123121,5.336099,OF,449.766767820462101621427938275,2,N,Miguel Gonzalez,N,4.27,0.188,0.219,0.314,0.238,0.15,0.77,0.49,0.15,0.01,0.12,0.37,0.4,0.0,1.8
188,Chris Owings,ARI,1.793588,SS,1449.608271241779048477130756897,5.330793,2B,637.80379391959132534315251033,7,N,Jimmy Nelson,N,3.64,0.236,0.282,0.352,0.285,0.22,0.79,0.56,0.14,0.03,0.06,0.33,0.3,0.08,1.66
189,Carlos Ruiz,PHI,1.719092,C,1396.08584066472300493516344675,5.262262,C,684.11645030217043545152255817,8,N,Chad Bettis,Y,3.7,0.229,0.289,0.336,0.284,0.26,0.77,0.54,0.17,0.01,0.06,0.38,0.37,0.02,1.97
190,Juan Lagares,NYM,1.700947,OF,1293.397148764776327539893953192,5.245217,OF,629.144609269740413027716489137,7,N,Dan Haren,Y,3.79,0.227,0.264,0.341,0.272,0.17,0.81,0.56,0.16,0.02,0.07,0.33,0.31,0.06,1.86
191,Caleb Joseph,BAL,1.845109,C,1409.130842676503122579750031028,5.225713,C,593.220484936696676606618082547,8,N,Nate Karns,Y,3.84,0.191,0.253,0.321,0.257,0.29,0.67,0.42,0.13,0.01,0.1,0.37,0.39,0.02,1.51
192,Brayan Pena,CIN,1.592949,C,1381.086274576273314462672690714,5.220594,1B/C,478.872710653232180092916629793,5,Y,Stephen Strasburg,Y,4.1,0.221,0.261,0.316,0.258,0.21,0.85,0.61,0.16,0.01,0.06,0.37,0.33,0.01,2.24
193,Billy Hamilton,CIN,1.755108,OF,1766.273072654218429863005581423,5.201379,OF,749.801158500466895413697021501,9,Y,Stephen Strasburg,Y,3.46,0.225,0.266,0.343,0.273,0.19,0.72,0.5,0.12,0.04,0.06,0.26,0.29,0.16,1.65
194,Nick Hundley,COL,1.812414,C,1489.725857337230897576381555208,5.182199,C,598.201651461088236866241531828,7,Y,Cole Hamels,N,3.51,0.215,0.275,0.375,0.286,0.27,0.69,0.41,0.16,0.01,0.11,0.33,0.31,0.03,1.5
195,Chris Iannetta,ANA,1.789834,C,1508.519784516329447311873615096,5.177551,C,656.681122020816405285046926627,7,N,Anibal Sanchez,Y,4.04,0.181,0.257,0.273,0.246,0.35,0.66,0.46,0.13,0.0,0.07,0.41,0.43,0.01,1.75
196,Michael Bourn,CLE,1.755202,OF,1367.363984316335099891636404243,5.160428,OF,697.616554285807301254857155259,8,Y,Taijuan Walker,N,3.61,0.237,0.304,0.328,0.29,0.32,0.77,0.56,0.15,0.03,0.03,0.27,0.31,0.09,1.57
197,Randal Grichuk,STL,1.661031,OF,1565.2928813489934865755064174,5.153004,OF,679.21546344617624981467120926,4,N,Mike Bolsinger,Y,4.29,0.191,0.214,0.292,0.228,0.12,0.78,0.54,0.15,0.01,0.08,0.44,0.35,0.01,1.92
198,Adam Rosales,TEX,1.714839,2B,1341.233783463053965999140444089,5.13782,1B/3B,564.441728203790712792585182042,8,N,Steven Wright,Y,3.95,0.193,0.23,0.309,0.244,0.17,0.72,0.48,0.13,0.02,0.09,0.38,0.38,0.03,1.78
199,David Lough,BAL,1.676462,OF,1312.287424349612457663818207631,5.124937,OF,604.88548444595514052172738904,7,Y,Nate Karns,Y,3.98,0.205,0.238,0.316,0.248,0.17,0.77,0.52,0.15,0.02,0.08,0.35,0.34,0.04,1.84
200,Ryan Flaherty,BAL,1.773058,2B,1240.794153377949283102978018768,5.123338,2B/3B,644.11131961233086710265846212,9,Y,Nate Karns,Y,3.68,0.196,0.246,0.335,0.256,0.22,0.67,0.42,0.12,0.01,0.11,0.37,0.4,0.01,1.58
201,Tyler Flowers,CWS,1.860603,C,1236.15838521167599966247501482,5.11588,C,625.503334714653197494859144468,8,N,Lance McCullers,N,3.6,0.188,0.248,0.34,0.263,0.24,0.62,0.36,0.13,0.01,0.12,0.38,0.39,0.01,1.29
202,Hank Conger,HOU,1.748713,C,1258.068076351007855491438560816,5.095496,C,569.130070948932154985500920813,8,Y,Carlos Rodon,Y,3.9,0.188,0.246,0.31,0.251,0.28,0.67,0.42,0.16,0.01,0.09,0.38,0.38,0.0,1.67
203,Blake Swihart,BOS,1.670172,C,1377.103675549584114689984025598,5.093133,C,628.296963774556839572027669413,8,Y,Yovani Gallardo,N,3.6,0.231,0.295,0.331,0.283,0.29,0.75,0.56,0.11,0.01,0.07,0.32,0.34,0.05,1.85
204,Jonathan Villar,HOU,1.694811,SS,1298.079844891259261357166079286,5.090345,3B/SS,648.286118131482247274005985842,7,Y,Carlos Rodon,Y,4.05,0.201,0.245,0.297,0.247,0.23,0.76,0.52,0.16,0.02,0.05,0.33,0.33,0.06,1.75
205,J.B. Shuck,CWS,1.597928,OF,1501.945018799345151971803485514,5.079818,OF,472.457871522168707619052493613,7,Y,Lance McCullers,N,3.76,0.229,0.26,0.342,0.269,0.16,0.82,0.56,0.16,0.03,0.06,0.33,0.32,0.03,1.96
206,Eduardo Escobar,MIN,1.51637,SS,1450.833239908465611954865896846,5.074893,OF/SS,591.145468485739502290984263116,7,Y,Mark Buehrle,Y,3.92,0.231,0.257,0.327,0.263,0.14,0.86,0.62,0.18,0.01,0.05,0.36,0.34,0.01,2.26
207,Andrelton Simmons,ATL,1.564643,SS,1406.07154475493770783495020909,5.073963,SS,610.962279385955317372239411285,8,N,Tim Hudson,N,3.48,0.258,0.292,0.367,0.296,0.16,0.84,0.62,0.14,0.04,0.05,0.31,0.3,0.04,2.0
208,Ezequiel Carrera,TOR,1.586905,OF,1386.34637864270387956430914264,5.057905,OF,652.444045508960725834115112878,7,Y,Trevor May,N,3.73,0.23,0.256,0.334,0.264,0.13,0.82,0.58,0.15,0.04,0.05,0.3,0.29,0.08,1.94
209,Garrett Jones,NYY,1.648639,1B,1455.746224613150604832228280418,5.020851,1B/OF,557.674386274358669476548895795,6,Y,Sonny Gray,N,3.84,0.201,0.261,0.321,0.26,0.29,0.71,0.46,0.15,0.02,0.08,0.35,0.33,0.0,1.84
210,Stephen Drew,NYY,1.67847,2B,1310.717498674387984295221243156,4.970603,2B/SS,523.075369326417740463279807299,7,Y,Sonny Gray,N,3.71,0.199,0.283,0.314,0.269,0.4,0.65,0.43,0.14,0.02,0.07,0.32,0.32,0.02,1.74
211,Justin Bour,MIA,1.659643,1B,1446.094129882149353806812669954,4.966566,1B,483.231270862000021745407188791,4,Y,Matt Harvey,N,3.83,0.193,0.234,0.33,0.246,0.19,0.7,0.43,0.14,0.01,0.11,0.37,0.31,0.0,1.66
212,Jung-ho Kang,PIT,1.66824,SS,1798.302402532009782765069774134,4.960003,SS,665.322178232553488374906224856,5,N,James Shields,N,3.8,0.196,0.239,0.316,0.251,0.18,0.7,0.47,0.13,0.02,0.09,0.36,0.32,0.03,1.62
213,James McCann,DET,1.644202,C,1459.67466284556277148428234487,4.930489,C,567.894989726171176935999654395,6,Y,Hector Santiago,N,3.79,0.204,0.247,0.331,0.261,0.2,0.72,0.46,0.17,0.01,0.09,0.33,0.32,0.01,1.65
214,Danny Santana,MIN,1.523206,SS,1641.275047498499874606586371115,4.908514,OF/SS,753.7922882566903140135690761,9,Y,Mark Buehrle,Y,3.61,0.24,0.265,0.336,0.272,0.12,0.82,0.6,0.16,0.03,0.04,0.3,0.34,0.05,1.99
215,Christian Yelich,MIA,1.638159,OF,1465.059252490142898216839757313,4.899493,OF,693.949353535151494246445499565,6,Y,Matt Harvey,N,3.61,0.225,0.287,0.337,0.28,0.29,0.74,0.52,0.14,0.02,0.06,0.26,0.26,0.06,1.61
216,Junior Lake,CHC,1.642607,OF,1400.213197679055306594943282234,4.893692,OF,592.599615995448834949154952948,7,N,Edinson Volquez,Y,3.99,0.186,0.216,0.301,0.232,0.14,0.71,0.46,0.15,0.01,0.09,0.39,0.34,0.01,1.61
217,Omar Infante,KAN,1.524923,2B,1442.695795131950924735216138783,4.858222,2B,699.844511016581786505433469282,7,N,Jake Arrieta,N,3.6,0.237,0.273,0.342,0.276,0.18,0.79,0.56,0.16,0.03,0.05,0.32,0.28,0.03,1.86
218,Peter Bourjos,STL,1.571291,OF,1400.122574367192327837427949375,4.775189,OF,712.013702494288707734918973888,8,N,Mike Bolsinger,Y,3.7,0.21,0.252,0.303,0.253,0.18,0.72,0.53,0.12,0.03,0.05,0.29,0.28,0.09,1.67
219,Josh Phegley,OAK,1.507913,C,1458.970112997235251635870239199,4.773502,C,649.418393456208879770030472387,8,Y,Chris Capuano,Y,3.77,0.199,0.226,0.315,0.242,0.12,0.72,0.47,0.16,0.01,0.08,0.36,0.35,0.0,1.92
220,Jose Iglesias,DET,1.536133,SS,1497.266187237693611165179056762,4.728522,3B/SS,655.595976924713472835697919984,9,Y,Hector Santiago,N,3.37,0.237,0.288,0.339,0.287,0.21,0.73,0.52,0.15,0.02,0.04,0.25,0.3,0.06,1.72
221,Kevin Plawecki,NYM,1.5373,C,1431.080465751642490080010407858,4.676277,C,555.997858980552264119512167479,8,N,Dan Haren,Y,3.62,0.193,0.223,0.327,0.246,0.13,0.67,0.42,0.14,0.01,0.1,0.34,0.33,0.01,1.66
222,Rene Rivera,TAM,1.585697,C,1387.402511324672998687643351788,4.669584,C,663.870700259380707146503842741,9,N,Miguel Gonzalez,N,3.36,0.205,0.259,0.346,0.269,0.21,0.63,0.4,0.13,0.01,0.1,0.31,0.33,0.01,1.52
223,Zachary Heathcott,NYY,1.505749,OF,1527.479015426873934500371575874,4.637139,OF,517.560504440345652782890484845,8,Y,Sonny Gray,N,3.56,0.212,0.287,0.296,0.266,0.33,0.67,0.5,0.11,0.01,0.05,0.28,0.3,0.04,1.78
224,Addison Russell,CHC,1.616817,2B,1731.797723551892391037451981269,4.623058,2B/SS,778.705350441201473137477401322,9,N,Edinson Volquez,Y,3.67,0.184,0.232,0.298,0.241,0.21,0.63,0.4,0.14,0.01,0.08,0.33,0.34,0.02,1.35
225,Aaron Hicks,MIN,1.394073,OF,1721.574121297808651340353051813,4.609841,OF,737.552553331015104425510554486,8,Y,Mark Buehrle,Y,3.78,0.209,0.247,0.297,0.252,0.19,0.74,0.53,0.15,0.01,0.05,0.31,0.33,0.01,2.1
226,Jordy Mercer,PIT,1.476517,SS,1557.719958524012930430194843677,4.547539,SS,703.677307660253161105380294705,8,N,James Shields,N,3.4,0.216,0.264,0.339,0.263,0.2,0.68,0.46,0.12,0.02,0.07,0.29,0.27,0.02,1.63
227,Kirk Nieuwenhuis,ANA,1.49736,OF,1469.2525511567024630015493936,4.452008,OF,561.544363801682297066851631893,8,Y,Anibal Sanchez,Y,3.88,0.167,0.205,0.257,0.207,0.18,0.61,0.41,0.13,0.01,0.06,0.36,0.37,0.02,1.57
228,Didi Gregorius,NYY,1.425892,SS,1683.156929136288021813713801607,4.443547,SS,630.127238442622526553674350693,9,Y,Sonny Gray,N,3.41,0.215,0.277,0.313,0.264,0.28,0.66,0.47,0.13,0.02,0.04,0.27,0.3,0.02,1.72
229,Matt Duffy,SFG,1.372909,3B,2112.303146093441007379221783819,4.42391,2B/SS,723.342020972397720568456410732,8,N,Mike Foltynewicz,Y,3.76,0.202,0.232,0.286,0.237,0.14,0.72,0.52,0.13,0.02,0.04,0.29,0.27,0.04,1.78
230,Todd Cunningham,ATL,1.362742,OF,1614.392159337570868146721829958,4.423897,OF,565.112614511594641556980191899,7,Y,Tim Hudson,N,3.64,0.212,0.227,0.317,0.243,0.07,0.75,0.52,0.15,0.02,0.06,0.33,0.27,0.0,1.74
231,Ryan Goins,TOR,1.341341,2B,1714.701928890565486330470775143,4.401222,2B/SS,477.140212422822570640608449199,9,Y,Trevor May,N,3.43,0.23,0.261,0.327,0.264,0.15,0.74,0.53,0.14,0.04,0.03,0.25,0.29,0.02,1.81
232,Roberto Perez,CLE,1.536581,C,1561.90919971026584345374568604,4.382426,C,570.460288433849196769095473603,9,N,Taijuan Walker,N,3.47,0.186,0.259,0.291,0.253,0.29,0.58,0.4,0.11,0.01,0.07,0.29,0.32,0.02,1.31
233,A.J. Ellis,LOS,1.327956,C,1807.28879571311097656850076358,4.255782,C,587.436104574905387540997165738,8,N,John Lackey,N,3.52,0.212,0.268,0.306,0.26,0.24,0.68,0.49,0.13,0.01,0.05,0.26,0.25,0.0,1.73
234,Nick Ahmed,ARI,1.365545,SS,2123.69420268098085379830031233,4.224705,SS,662.768169611842720379292755353,8,N,Jimmy Nelson,N,3.48,0.201,0.245,0.3,0.248,0.19,0.65,0.46,0.12,0.02,0.06,0.27,0.26,0.03,1.53
235,Francisco Cervelli,PIT,1.361818,C,1982.643789405045314425275624203,4.199989,C,690.477998870949423915157873033,7,N,James Shields,N,3.55,0.197,0.249,0.292,0.25,0.21,0.65,0.45,0.13,0.01,0.05,0.26,0.24,0.02,1.51
236,Paulo Orlando,KAN,1.344049,OF,1711.247134591075176574663572534,4.177163,OF,670.311405133101102351045434425,8,N,Jake Arrieta,N,3.45,0.201,0.233,0.301,0.242,0.14,0.66,0.46,0.12,0.03,0.05,0.26,0.25,0.04,1.49
237,Skip Schumaker,CIN,1.140487,2B,1929.000505924223599216825794595,4.06176,2B/OF,566.256992042858268336878594501,7,Y,Stephen Strasburg,Y,3.81,0.212,0.24,0.278,0.237,0.14,0.77,0.59,0.14,0.01,0.02,0.24,0.22,0.01,1.98
238,Clint Barmes,SDP,1.302339,SS,1689.268308789032655859956585805,4.061222,SS,590.955136163450311260994843424,8,Y,Francisco Liriano,Y,3.69,0.174,0.223,0.261,0.218,0.21,0.59,0.41,0.12,0.01,0.05,0.3,0.27,0.01,1.61
239,Rusney Castillo,BOS,1.190128,OF,2268.663538711802427974133874676,4.050541,OF,1036.898527875659078626780965802,9,N,Yovani Gallardo,N,3.45,0.209,0.221,0.298,0.236,0.04,0.7,0.52,0.11,0.02,0.05,0.27,0.28,0.02,1.82
240,J.T. Realmuto,MIA,1.234018,C,1863.830187242001332233403402544,4.019637,C,721.458181422849874254814551662,7,N,Matt Harvey,N,3.47,0.198,0.235,0.304,0.242,0.15,0.65,0.44,0.13,0.01,0.06,0.25,0.22,0.01,1.66
241,Willie Bloomquist,SEA,1.163933,SS,1976.058759395944611932130114019,4.009059,3B/SS,573.70071131405150186115993803,8,N,Trevor Bauer,Y,3.83,0.195,0.212,0.261,0.216,0.07,0.72,0.55,0.14,0.01,0.03,0.26,0.26,0.03,1.85
242,Juan Centeno,MIL,1.095227,C,2008.716001340361404530750246296,3.859684,C,569.994849319270696772067350591,7,Y,Rubby de la Rosa,Y,3.83,0.182,0.2,0.256,0.207,0.08,0.67,0.49,0.13,0.01,0.04,0.29,0.24,0.0,1.9
243,Carlos Sanchez,CWS,1.166585,2B,1971.566581089247675908742183382,3.835419,2B/SS,808.255890686258789456901579724,9,Y,Lance McCullers,N,3.46,0.191,0.204,0.288,0.219,0.06,0.64,0.43,0.14,0.02,0.05,0.26,0.26,0.0,1.58
244,Jake Elmore,TAM,1.098836,SS,2184.129387824934749134538730075,3.804389,2B/SS,578.279455649777138983421516569,8,N,Miguel Gonzalez,N,3.49,0.194,0.211,0.284,0.224,0.06,0.65,0.47,0.12,0.01,0.06,0.25,0.25,0.0,1.78
245,Adeiny Hechavarria,MIA,1.078295,SS,2040.257999897987100005100645,3.770486,3B/SS,769.131618576491200338630086414,8,N,Matt Harvey,N,3.32,0.218,0.25,0.297,0.248,0.14,0.68,0.52,0.12,0.02,0.03,0.2,0.19,0.03,1.76
246,Hernan Perez,DET,1.084249,2B,2029.054211717050234770795269352,3.659744,2B,655.783573933040125210943716282,8,Y,Hector Santiago,N,3.51,0.182,0.191,0.273,0.209,0.04,0.62,0.42,0.14,0.01,0.05,0.25,0.23,0.01,1.62
247,Taylor Featherston,ANA,1.09577,2B,2007.720598300738293620011498764,3.620852,2B/SS,662.827422938026740667666063125,9,N,Anibal Sanchez,Y,3.72,0.158,0.17,0.223,0.18,0.05,0.57,0.42,0.1,0.01,0.04,0.3,0.31,0.02,1.65
248,Luis Sardinas,MIL,1.005908,SS,2187.078738811103997582283866915,3.570762,2B/SS,756.141126179790196042189314214,9,Y,Rubby de la Rosa,Y,3.48,0.195,0.206,0.26,0.212,0.06,0.66,0.49,0.12,0.02,0.02,0.21,0.22,0.04,1.74
249,Rafael Ynoa,COL,1.002631,2B,2393.702169591803963771317663229,3.522425,3B/SS,596.180188364549990418532686998,8,Y,Cole Hamels,N,3.36,0.195,0.215,0.281,0.227,0.09,0.63,0.45,0.13,0.01,0.04,0.2,0.19,0.01,1.68
250,Jose Pirela,NYY,0.836674,SS,2629.459024662,3.152137,2B/SS,888.286264207424994535453249652,9,N,Sonny Gray,N,3.41,0.177,0.187,0.236,0.193,0.03,0.59,0.45,0.09,0.01,0.03,0.21,0.21,0.0,1.71
251,Chad Bettis,COL,0.391198,P,16871.251898016,1.751686,RP,2511.865711092056453040099652564,9,Y,Cole Hamels,N,3.22,0.11,0.132,0.141,0.131,0.11,0.31,0.24,0.05,0.0,0.01,0.09,0.11,0.0,1.3
252,Josh Harrison,PIT,0.0,3B,Infinity,0.0,3B/OF,Infinity,1,N,James Shields,N,0.0,,,,,0.0,0.0,0.0,0.0,0.0,0.0,0.0,0.0,0.0,0.0
253,Charlie Blackmon,COL,0.0,OF,Infinity,0.0,OF,Infinity,1,N,Cole Hamels,N,0.0,,,,,0.0,0.0,0.0,0.0,0.0,0.0,0.0,0.0,0.0,0.0
254,Jose Tabata,PIT,0.0,OF,Infinity,0.0,OF,Infinity,2,N,James Shields,N,0.0,,,,,0.0,0.0,0.0,0.0,0.0,0.0,0.0,0.0,0.0,0.0
255,Kendrys Morales,KAN,0.0,1B,Infinity,0.0,1B,Infinity,5,Y,Jake Arrieta,N,0.0,,,,,0.0,0.0,0.0,0.0,0.0,0.0,0.0,0.0,0.0,0.0
256,Jeff Baker,MIA,0.0,2B,Infinity,0.0,1B/2B,Infinity,5,N,Matt Harvey,N,0.0,,,,,0.0,0.0,0.0,0.0,0.0,0.0,0.0,0.0,0.0,0.0
257,Mark Trumbo,ARI,0.0,OF,Infinity,0.0,1B/OF,Infinity,5,N,Jimmy Nelson,N,0.0,,,,,0.0,0.0,0.0,0.0,0.0,0.0,0.0,0.0,0.0,0.0
258,Corey Hart,PIT,0.0,OF,Infinity,0.0,1B/OF,Infinity,6,N,James Shields,N,0.0,,,,,0.0,0.0,0.0,0.0,0.0,0.0,0.0,0.0,0.0,0.0
259,Ben Paulsen,COL,0.0,1B,Infinity,0.0,1B,Infinity,6,N,Cole Hamels,N,0.0,,,,,0.0,0.0,0.0,0.0,0.0,0.0,0.0,0.0,0.0,0.0
260,Clint Robinson,WAS,0.0,1B,Infinity,0.0,1B,Infinity,6,Y,Anthony DeSclafani,N,0.0,,,,,0.0,0.0,0.0,0.0,0.0,0.0,0.0,0.0,0.0,0.0
261,Aaron Hill,ARI,0.0,2B,Infinity,0.0,2B/3B,Infinity,6,N,Jimmy Nelson,N,0.0,,,,,0.0,0.0,0.0,0.0,0.0,0.0,0.0,0.0,0.0,0.0
262,Jordan Pacheco,ARI,0.0,C,Infinity,0.0,1B/C,Infinity,6,N,Jimmy Nelson,N,0.0,,,,,0.0,0.0,0.0,0.0,0.0,0.0,0.0,0.0,0.0,0.0
263,Cliff Pennington,ARI,0.0,SS,Infinity,0.0,2B/SS,Infinity,6,Y,Jimmy Nelson,N,0.0,,,,,0.0,0.0,0.0,0.0,0.0,0.0,0.0,0.0,0.0,0.0
264,Sean Rodriguez,PIT,0.0,SS,Infinity,0.0,2B/OF,Infinity,7,N,James Shields,N,0.0,,,,,0.0,0.0,0.0,0.0,0.0,0.0,0.0,0.0,0.0,0.0
265,Michael McKenry,COL,0.0,C,Infinity,0.0,C,Infinity,7,Y,Cole Hamels,N,0.0,,,,,0.0,0.0,0.0,0.0,0.0,0.0,0.0,0.0,0.0,0.0
266,Ichiro Suzuki,MIA,0.0,OF,Infinity,0.0,OF,Infinity,7,Y,Matt Harvey,N,0.0,,,,,0.0,0.0,0.0,0.0,0.0,0.0,0.0,0.0,0.0,0.0
267,Dan Uggla,WAS,0.0,2B,Infinity,0.0,2B,Infinity,7,N,Anthony DeSclafani,N,0.0,,,,,0.0,0.0,0.0,0.0,0.0,0.0,0.0,0.0,0.0,0.0
268,Jose Lobaton,WAS,0.0,C,Infinity,0.0,C,Infinity,7,Y,Anthony DeSclafani,N,0.0,,,,,0.0,0.0,0.0,0.0,0.0,0.0,0.0,0.0,0.0,0.0
269,Tuffy Gosewisch,ARI,0.0,C,Infinity,0.0,C,Infinity,7,N,Jimmy Nelson,N,0.0,,,,,0.0,0.0,0.0,0.0,0.0,0.0,0.0,0.0,0.0,0.0
270,Enrique Hernandez,LOS,0.0,2B,Infinity,0.0,2B/OF,Infinity,7,N,John Lackey,N,0.0,,,,,0.0,0.0,0.0,0.0,0.0,0.0,0.0,0.0,0.0,0.0
271,Scott Van Slyke,LOS,0.0,OF,Infinity,0.0,OF,Infinity,7,N,John Lackey,N,0.0,,,,,0.0,0.0,0.0,0.0,0.0,0.0,0.0,0.0,0.0,0.0
272,Chris Heisey,LOS,0.0,OF,Infinity,0.0,OF,Infinity,7,N,John Lackey,N,0.0,,,,,0.0,0.0,0.0,0.0,0.0,0.0,0.0,0.0,0.0,0.0
273,Chris Stewart,PIT,0.0,C,Infinity,0.0,C,Infinity,8,N,James Shields,N,0.0,,,,,0.0,0.0,0.0,0.0,0.0,0.0,0.0,0.0,0.0,0.0
274,Christian Colon,KAN,0.0,SS,Infinity,0.0,2B/3B,Infinity,8,N,Jake Arrieta,N,0.0,,,,,0.0,0.0,0.0,0.0,0.0,0.0,0.0,0.0,0.0,0.0
275,Daniel Descalso,COL,0.0,2B,Infinity,0.0,2B/SS,Infinity,8,N,Cole Hamels,N,0.0,,,,,0.0,0.0,0.0,0.0,0.0,0.0,0.0,0.0,0.0,0.0
276,Donovan Solano,MIA,0.0,2B,Infinity,0.0,2B,Infinity,8,N,Matt Harvey,N,0.0,,,,,0.0,0.0,0.0,0.0,0.0,0.0,0.0,0.0,0.0,0.0
277,Jhonatan Solano,MIA,0.0,C,Infinity,0.0,C,Infinity,8,N,Matt Harvey,N,0.0,,,,,0.0,0.0,0.0,0.0,0.0,0.0,0.0,0.0,0.0,0.0
278,Tyler Moore,WAS,0.0,1B,Infinity,0.0,1B/OF,Infinity,8,N,Anthony DeSclafani,N,0.0,,,,,0.0,0.0,0.0,0.0,0.0,0.0,0.0,0.0,0.0,0.0
279,Austin Barnes,LOS,0.0,,,0.0,C,Infinity,8,N,John Lackey,N,0.0,,,,,0.0,0.0,0.0,0.0,0.0,0.0,0.0,0.0,0.0,0.0
280,Drew Butera,KAN,0.0,C,Infinity,0.0,C,Infinity,9,N,Jake Arrieta,N,0.0,,,,,0.0,0.0,0.0,0.0,0.0,0.0,0.0,0.0,0.0,0.0
281,Jarrod Dyson,KAN,0.0,OF,Infinity,0.0,OF,Infinity,9,Y,Jake Arrieta,N,0.0,,,,,0.0,0.0,0.0,0.0,0.0,0.0,0.0,0.0,0.0,0.0
282,Chris Rusin,COL,0.0,P,Infinity,0.0,RP,Infinity,9,N,Cole Hamels,N,0.0,,,,,0.0,0.0,0.0,0.0,0.0,0.0,0.0,0.0,0.0,0.0
283,Jose Urena,MIA,0.0,P,Infinity,0.0,RP,Infinity,9,N,Matt Harvey,N,0.0,,,,,0.0,0.0,0.0,0.0,0.0,0.0,0.0,0.0,0.0,0.0
284,Tanner Roark,WAS,0.0,P,Infinity,0.0,RP,Infinity,9,N,Anthony DeSclafani,N,0.0,,,,,0.0,0.0,0.0,0.0,0.0,0.0,0.0,0.0,0.0,0.0
285,Andrew Chafin,ARI,0.0,P,Infinity,0.0,RP,Infinity,9,N,Jimmy Nelson,N,0.0,,,,,0.0,0.0,0.0,0.0,0.0,0.0,0.0,0.0,0.0,0.0
286,Randall Delgado,ARI,0.0,P,Infinity,0.0,RP,Infinity,9,N,Jimmy Nelson,N,0.0,,,,,0.0,0.0,0.0,0.0,0.0,0.0,0.0,0.0,0.0,0.0
287,Carlos Frias,LOS,0.0,P,Infinity,0.0,RP,Infinity,9,N,John Lackey,N,0.0,,,,,0.0,0.0,0.0,0.0,0.0,0.0,0.0,0.0,0.0,0.0
288,Brandon Phillips,CIN,0.0,2B,Infinity,0.0,2B,Infinity,1,N,Stephen Strasburg,Y,0.0,,,,,0.0,0.0,0.0,0.0,0.0,0.0,0.0,0.0,0.0,0.0
289,Will Venable,SDP,0.0,OF,Infinity,0.0,OF,Infinity,2,N,Francisco Liriano,Y,0.0,,,,,0.0,0.0,0.0,0.0,0.0,0.0,0.0,0.0,0.0,0.0
290,Andres Blanco,PHI,0.0,2B,Infinity,0.0,3B/SS,Infinity,2,Y,Chad Bettis,Y,0.0,,,,,0.0,0.0,0.0,0.0,0.0,0.0,0.0,0.0,0.0,0.0
291,Khris Davis,MIL,0.0,OF,Infinity,0.0,OF,Infinity,2,N,Rubby de la Rosa,Y,0.0,,,,,0.0,0.0,0.0,0.0,0.0,0.0,0.0,0.0,0.0,0.0
292,Darin Ruf,PHI,0.0,1B,Infinity,0.0,1B/OF,Infinity,3,N,Chad Bettis,Y,0.0,,,,,0.0,0.0,0.0,0.0,0.0,0.0,0.0,0.0,0.0,0.0
293,Matt Holliday,STL,0.0,OF,Infinity,0.0,OF,Infinity,3,N,Mike Bolsinger,Y,0.0,,,,,0.0,0.0,0.0,0.0,0.0,0.0,0.0,0.0,0.0,0.0
294,Daniel Murphy,NYM,0.0,2B,Infinity,0.0,2B,Infinity,4,Y,Dan Haren,Y,0.0,,,,,0.0,0.0,0.0,0.0,0.0,0.0,0.0,0.0,0.0,0.0
295,Jeff Francoeur,PHI,0.0,OF,Infinity,0.0,OF,Infinity,5,N,Chad Bettis,Y,0.0,,,,,0.0,0.0,0.0,0.0,0.0,0.0,0.0,0.0,0.0,0.0
296,John Mayberry,NYM,0.0,OF,Infinity,0.0,1B/OF,Infinity,5,N,Dan Haren,Y,0.0,,,,,0.0,0.0,0.0,0.0,0.0,0.0,0.0,0.0,0.0,0.0
297,Jason Rogers,MIL,0.0,3B,Infinity,0.0,1B,Infinity,5,N,Rubby de la Rosa,Y,0.0,,,,,0.0,0.0,0.0,0.0,0.0,0.0,0.0,0.0,0.0,0.0
298,Cory Spangenberg,SDP,0.0,2B,Infinity,0.0,2B/3B,Infinity,6,N,Francisco Liriano,Y,0.0,,,,,0.0,0.0,0.0,0.0,0.0,0.0,0.0,0.0,0.0,0.0
299,Cesar Hernandez,PHI,0.0,OF,Infinity,0.0,2B/3B,Infinity,6,Y,Chad Bettis,Y,0.0,,,,,0.0,0.0,0.0,0.0,0.0,0.0,0.0,0.0,0.0,0.0
300,Grady Sizemore,PHI,0.0,OF,Infinity,0.0,OF,Infinity,6,Y,Chad Bettis,Y,0.0,,,,,0.0,0.0,0.0,0.0,0.0,0.0,0.0,0.0,0.0,0.0
301,Hector Gomez,MIL,0.0,SS,Infinity,0.0,SS,Infinity,6,N,Rubby de la Rosa,Y,0.0,,,,,0.0,0.0,0.0,0.0,0.0,0.0,0.0,0.0,0.0,0.0
302,Elian Herrera,MIL,0.0,OF,Infinity,0.0,OF/SS,Infinity,6,Y,Rubby de la Rosa,Y,0.0,,,,,0.0,0.0,0.0,0.0,0.0,0.0,0.0,0.0,0.0,0.0
303,Eric Campbell,NYM,0.0,3B,Infinity,0.0,1B/3B,Infinity,7,N,Dan Haren,Y,0.0,,,,,0.0,0.0,0.0,0.0,0.0,0.0,0.0,0.0,0.0,0.0
304,Darrell Ceciliani,NYM,0.0,OF,Infinity,0.0,OF,Infinity,7,Y,Dan Haren,Y,0.0,,,,,0.0,0.0,0.0,0.0,0.0,0.0,0.0,0.0,0.0,0.0
305,Kristopher Negron,CIN,0.0,2B,Infinity,0.0,2B/3B,Infinity,7,N,Stephen Strasburg,Y,0.0,,,,,0.0,0.0,0.0,0.0,0.0,0.0,0.0,0.0,0.0,0.0
306,Tucker Barnhart,CIN,0.0,C,Infinity,0.0,C,Infinity,7,Y,Stephen Strasburg,Y,0.0,,,,,0.0,0.0,0.0,0.0,0.0,0.0,0.0,0.0,0.0,0.0
307,Martin Maldonado,MIL,0.0,C,Infinity,0.0,C,Infinity,7,N,Rubby de la Rosa,Y,0.0,,,,,0.0,0.0,0.0,0.0,0.0,0.0,0.0,0.0,0.0,0.0
308,Abraham Almonte,SDP,0.0,OF,Infinity,0.0,OF,Infinity,8,Y,Francisco Liriano,Y,0.0,,,,,0.0,0.0,0.0,0.0,0.0,0.0,0.0,0.0,0.0,0.0
309,Alexi Amarista,SDP,0.0,SS,Infinity,0.0,3B/SS,Infinity,8,N,Francisco Liriano,Y,0.0,,,,,0.0,0.0,0.0,0.0,0.0,0.0,0.0,0.0,0.0,0.0
310,Cameron Rupp,PHI,0.0,C,Infinity,0.0,C,Infinity,8,N,Chad Bettis,Y,0.0,,,,,0.0,0.0,0.0,0.0,0.0,0.0,0.0,0.0,0.0,0.0
311,Anthony Recker,NYM,0.0,C,Infinity,0.0,C,Infinity,8,N,Dan Haren,Y,0.0,,,,,0.0,0.0,0.0,0.0,0.0,0.0,0.0,0.0,0.0,0.0
312,Brennan Boesch,CIN,0.0,OF,Infinity,0.0,OF,Infinity,8,Y,Stephen Strasburg,Y,0.0,,,,,0.0,0.0,0.0,0.0,0.0,0.0,0.0,0.0,0.0,0.0
313,Tony Cruz,STL,0.0,C,Infinity,0.0,C,Infinity,8,N,Mike Bolsinger,Y,0.0,,,,,0.0,0.0,0.0,0.0,0.0,0.0,0.0,0.0,0.0,0.0
314,Austin Hedges,SDP,0.0,C,Infinity,0.0,C,Infinity,9,Y,Francisco Liriano,Y,0.0,,,,,0.0,0.0,0.0,0.0,0.0,0.0,0.0,0.0,0.0,0.0
315,Brandon Maurer,SDP,0.0,P,Infinity,0.0,RP,Infinity,9,Y,Francisco Liriano,Y,0.0,,,,,0.0,0.0,0.0,0.0,0.0,0.0,0.0,0.0,0.0,0.0
316,Carlos Torres,NYM,0.0,P,Infinity,0.0,RP,Infinity,9,N,Dan Haren,Y,0.0,,,,,0.0,0.0,0.0,0.0,0.0,0.0,0.0,0.0,0.0,0.0
317,Matt Belisle,STL,0.0,P,Infinity,0.0,RP,Infinity,9,N,Mike Bolsinger,Y,0.0,,,,,0.0,0.0,0.0,0.0,0.0,0.0,0.0,0.0,0.0,0.0
318,David Ortiz,BOS,0.0,1B,Infinity,0.0,1B,Infinity,5,Y,Yovani Gallardo,N,0.0,,,,,0.0,0.0,0.0,0.0,0.0,0.0,0.0,0.0,0.0,0.0
319,Tim Beckham,TAM,0.0,SS,Infinity,0.0,2B/SS,Infinity,5,N,Miguel Gonzalez,N,0.0,,,,,0.0,0.0,0.0,0.0,0.0,0.0,0.0,0.0,0.0,0.0
320,Avisail Garcia,CWS,0.0,OF,Infinity,0.0,OF,Infinity,6,N,Lance McCullers,N,0.0,,,,,0.0,0.0,0.0,0.0,0.0,0.0,0.0,0.0,0.0,0.0
321,Nick Franklin,TAM,0.0,2B,Infinity,0.0,2B/SS,Infinity,6,Y,Miguel Gonzalez,N,0.0,,,,,0.0,0.0,0.0,0.0,0.0,0.0,0.0,0.0,0.0,0.0
322,Danny Valencia,TOR,0.0,3B,Infinity,0.0,2B/3B,Infinity,6,N,Trevor May,N,0.0,,,,,0.0,0.0,0.0,0.0,0.0,0.0,0.0,0.0,0.0,0.0
323,Justin Smoak,TOR,0.0,1B,Infinity,0.0,1B,Infinity,6,Y,Trevor May,N,0.0,,,,,0.0,0.0,0.0,0.0,0.0,0.0,0.0,0.0,0.0,0.0
324,Geovany Soto,CWS,0.0,C,Infinity,0.0,C,Infinity,7,N,Lance McCullers,N,0.0,,,,,0.0,0.0,0.0,0.0,0.0,0.0,0.0,0.0,0.0,0.0
325,Gordon Beckham,CWS,0.0,3B,Infinity,0.0,2B/3B,Infinity,7,N,Lance McCullers,N,0.0,,,,,0.0,0.0,0.0,0.0,0.0,0.0,0.0,0.0,0.0,0.0
326,Brandon Guyer,TAM,0.0,OF,Infinity,0.0,OF,Infinity,8,N,Miguel Gonzalez,N,0.0,,,,,0.0,0.0,0.0,0.0,0.0,0.0,0.0,0.0,0.0,0.0
327,Steve Tolleson,TOR,0.0,2B,Infinity,0.0,2B/3B,Infinity,8,N,Trevor May,N,0.0,,,,,0.0,0.0,0.0,0.0,0.0,0.0,0.0,0.0,0.0,0.0
328,Sandy Leon,BOS,0.0,C,Infinity,0.0,C,Infinity,9,Y,Yovani Gallardo,N,0.0,,,,,0.0,0.0,0.0,0.0,0.0,0.0,0.0,0.0,0.0,0.0
329,Emilio Bonifacio,CWS,0.0,2B,Infinity,0.0,2B/OF,Infinity,9,Y,Lance McCullers,N,0.0,,,,,0.0,0.0,0.0,0.0,0.0,0.0,0.0,0.0,0.0,0.0
330,Bobby Wilson,TAM,0.0,C,Infinity,0.0,C,Infinity,9,N,Miguel Gonzalez,N,0.0,,,,,0.0,0.0,0.0,0.0,0.0,0.0,0.0,0.0,0.0,0.0
331,Liam Hendriks,TOR,0.0,P,Infinity,0.0,RP,Infinity,9,N,Trevor May,N,0.0,,,,,0.0,0.0,0.0,0.0,0.0,0.0,0.0,0.0,0.0,0.0
332,Marco Estrada,TOR,0.0,P,Infinity,0.0,RP,Infinity,9,N,Trevor May,N,0.0,,,,,0.0,0.0,0.0,0.0,0.0,0.0,0.0,0.0,0.0,0.0
333,Josh Thole,TOR,0.0,C,Infinity,0.0,C,Infinity,9,Y,Trevor May,N,0.0,,,,,0.0,0.0,0.0,0.0,0.0,0.0,0.0,0.0,0.0,0.0
334,Delino Deshields Jr.,TEX,0.0,OF,Infinity,0.0,2B/OF,Infinity,1,N,Steven Wright,Y,0.0,,,,,0.0,0.0,0.0,0.0,0.0,0.0,0.0,0.0,0.0,0.0
335,Chris Coghlan,CHC,0.0,OF,Infinity,0.0,OF,Infinity,1,Y,Edinson Volquez,Y,0.0,,,,,0.0,0.0,0.0,0.0,0.0,0.0,0.0,0.0,0.0,0.0
336,Delmon Young,BAL,0.0,OF,Infinity,0.0,OF,Infinity,4,N,Nate Karns,Y,0.0,,,,,0.0,0.0,0.0,0.0,0.0,0.0,0.0,0.0,0.0,0.0
337,Colby Rasmus,HOU,0.0,OF,Infinity,0.0,OF,Infinity,5,N,Carlos Rodon,Y,0.0,,,,,0.0,0.0,0.0,0.0,0.0,0.0,0.0,0.0,0.0,0.0
338,Carlos Peguero,TEX,0.0,OF,Infinity,0.0,OF,Infinity,6,Y,Steven Wright,Y,0.0,,,,,0.0,0.0,0.0,0.0,0.0,0.0,0.0,0.0,0.0,0.0
339,Steve Pearce,BAL,0.0,OF,Infinity,0.0,1B/OF,Infinity,6,N,Nate Karns,Y,0.0,,,,,0.0,0.0,0.0,0.0,0.0,0.0,0.0,0.0,0.0,0.0
340,Steve Clevenger,BAL,0.0,C,Infinity,0.0,C,Infinity,6,Y,Nate Karns,Y,0.0,,,,,0.0,0.0,0.0,0.0,0.0,0.0,0.0,0.0,0.0,0.0
341,Eddie Rosario,MIN,0.0,OF,Infinity,0.0,OF,Infinity,6,N,Mark Buehrle,Y,0.0,,,,,0.0,0.0,0.0,0.0,0.0,0.0,0.0,0.0,0.0,0.0
342,Elvis Andrus,TEX,0.0,SS,Infinity,0.0,SS,Infinity,7,N,Steven Wright,Y,0.0,,,,,0.0,0.0,0.0,0.0,0.0,0.0,0.0,0.0,0.0,0.0
343,David Ross,CHC,0.0,C,Infinity,0.0,C,Infinity,7,N,Edinson Volquez,Y,0.0,,,,,0.0,0.0,0.0,0.0,0.0,0.0,0.0,0.0,0.0,0.0
344,Mike Baxter,CHC,0.0,OF,Infinity,0.0,OF,Infinity,7,Y,Edinson Volquez,Y,0.0,,,,,0.0,0.0,0.0,0.0,0.0,0.0,0.0,0.0,0.0,0.0
345,Eduardo Nunez,MIN,0.0,SS,Infinity,0.0,3B/SS,Infinity,7,Y,Mark Buehrle,Y,0.0,,,,,0.0,0.0,0.0,0.0,0.0,0.0,0.0,0.0,0.0,0.0
346,Chris Herrmann,MIN,0.0,C,Infinity,0.0,C/OF,Infinity,7,N,Mark Buehrle,Y,0.0,,,,,0.0,0.0,0.0,0.0,0.0,0.0,0.0,0.0,0.0,0.0
347,Carlos Corporan,TEX,0.0,C,Infinity,0.0,C,Infinity,8,Y,Steven Wright,Y,0.0,,,,,0.0,0.0,0.0,0.0,0.0,0.0,0.0,0.0,0.0,0.0
348,Jason Castro,HOU,0.0,C,Infinity,0.0,C,Infinity,8,N,Carlos Rodon,Y,0.0,,,,,0.0,0.0,0.0,0.0,0.0,0.0,0.0,0.0,0.0,0.0
349,Tommy Field,TEX,0.0,2B,Infinity,0.0,2B/SS,Infinity,9,N,Steven Wright,Y,0.0,,,,,0.0,0.0,0.0,0.0,0.0,0.0,0.0,0.0,0.0,0.0
350,Marwin Gonzalez,HOU,0.0,SS,Infinity,0.0,3B/SS,Infinity,9,Y,Carlos Rodon,Y,0.0,,,,,0.0,0.0,0.0,0.0,0.0,0.0,0.0,0.0,0.0,0.0
351,James Russell,CHC,0.0,P,Infinity,0.0,RP,Infinity,9,Y,Edinson Volquez,Y,0.0,,,,,0.0,0.0,0.0,0.0,0.0,0.0,0.0,0.0,0.0,0.0
352,Jonathan Herrera,CHC,0.0,2B,Infinity,0.0,3B/SS,Infinity,9,Y,Edinson Volquez,Y,0.0,,,,,0.0,0.0,0.0,0.0,0.0,0.0,0.0,0.0,0.0,0.0
353,Everth Cabrera,BAL,0.0,SS,Infinity,0.0,SS,Infinity,9,Y,Nate Karns,Y,0.0,,,,,0.0,0.0,0.0,0.0,0.0,0.0,0.0,0.0,0.0,0.0
354,Tim Stauffer,MIN,0.0,P,Infinity,0.0,RP,Infinity,9,Y,Mark Buehrle,Y,0.0,,,,,0.0,0.0,0.0,0.0,0.0,0.0,0.0,0.0,0.0,0.0
355,Junichi Tazawa,BOS,0.0,P,Infinity,0.0,RP,Infinity,,N,Yovani Gallardo,N,0.0,,,,,0.0,0.0,0.0,0.0,0.0,0.0,,,0.0,0.0
356,Koji Uehara,BOS,0.0,,,0.0,RP,Infinity,,N,Yovani Gallardo,N,0.0,,,,,0.0,0.0,0.0,0.0,0.0,0.0,,,0.0,0.0
357,Alexi Ogando,BOS,0.0,P,Infinity,0.0,RP,Infinity,,N,Yovani Gallardo,N,0.0,,,,,0.0,0.0,0.0,0.0,0.0,0.0,,,0.0,0.0
358,Matt Barnes,BOS,0.0,P,Infinity,0.0,RP,Infinity,,N,Yovani Gallardo,N,0.0,,,,,0.0,0.0,0.0,0.0,0.0,0.0,,,0.0,0.0
359,Tom Layne,BOS,0.0,P,Infinity,0.0,RP,Infinity,,Y,Yovani Gallardo,N,0.0,,,,,0.0,0.0,0.0,0.0,0.0,0.0,,,0.0,0.0
360,Craig Breslow,BOS,0.0,P,Infinity,0.0,RP,Infinity,,Y,Yovani Gallardo,N,0.0,,,,,0.0,0.0,0.0,0.0,0.0,0.0,,,0.0,0.0
361,Shawn Tolleson,TEX,0.0,P,Infinity,0.0,RP,Infinity,,N,Steven Wright,Y,0.0,,,,,0.0,0.0,0.0,0.0,0.0,0.0,,,0.0,0.0
362,Sam Freeman,TEX,0.0,P,Infinity,0.0,RP,Infinity,,N,Steven Wright,Y,0.0,,,,,0.0,0.0,0.0,0.0,0.0,0.0,,,0.0,0.0
363,Keone Kela,TEX,0.0,P,Infinity,0.0,RP,Infinity,,N,Steven Wright,Y,0.0,,,,,0.0,0.0,0.0,0.0,0.0,0.0,,,0.0,0.0
364,Anthony Bass,TEX,0.0,P,Infinity,0.0,RP,Infinity,,N,Steven Wright,Y,0.0,,,,,0.0,0.0,0.0,0.0,0.0,0.0,,,0.0,0.0
365,Ross Ohlendorf,TEX,0.0,P,Infinity,0.0,RP,Infinity,,N,Steven Wright,Y,0.0,,,,,0.0,0.0,0.0,0.0,0.0,0.0,,,0.0,0.0
366,Jon Edwards,TEX,0.0,P,Infinity,0.0,RP,Infinity,,N,Steven Wright,Y,0.0,,,,,0.0,0.0,0.0,0.0,0.0,0.0,,,0.0,0.0
367,Josh Fields,HOU,0.0,P,Infinity,0.0,RP,Infinity,,Y,Carlos Rodon,Y,0.0,,,,,0.0,0.0,0.0,0.0,0.0,0.0,,,0.0,0.0
368,Will Harris,HOU,0.0,P,Infinity,0.0,RP,Infinity,,Y,Carlos Rodon,Y,0.0,,,,,0.0,0.0,0.0,0.0,0.0,0.0,,,0.0,0.0
369,Chad Qualls,HOU,0.0,P,Infinity,0.0,RP,Infinity,,Y,Carlos Rodon,Y,0.0,,,,,0.0,0.0,0.0,0.0,0.0,0.0,,,0.0,0.0
370,Luke Gregerson,HOU,0.0,P,Infinity,0.0,RP,Infinity,,N,Carlos Rodon,Y,0.0,,,,,0.0,0.0,0.0,0.0,0.0,0.0,,,0.0,0.0
371,Joe Thatcher,HOU,0.0,P,Infinity,0.0,RP,Infinity,,N,Carlos Rodon,Y,0.0,,,,,0.0,0.0,0.0,0.0,0.0,0.0,,,0.0,0.0
372,Tony Sipp,HOU,0.0,P,Infinity,0.0,RP,Infinity,,N,Carlos Rodon,Y,0.0,,,,,0.0,0.0,0.0,0.0,0.0,0.0,,,0.0,0.0
373,Jake Petricka,CWS,0.0,P,Infinity,0.0,RP,Infinity,,N,Lance McCullers,N,0.0,,,,,0.0,0.0,0.0,0.0,0.0,0.0,,,0.0,0.0
374,David Robertson,CWS,0.0,P,Infinity,0.0,RP,Infinity,,N,Lance McCullers,N,0.0,,,,,0.0,0.0,0.0,0.0,0.0,0.0,,,0.0,0.0
375,Daniel Webb,CWS,0.0,P,Infinity,0.0,RP,Infinity,,N,Lance McCullers,N,0.0,,,,,0.0,0.0,0.0,0.0,0.0,0.0,,,0.0,0.0
376,Zach Putnam,CWS,0.0,P,Infinity,0.0,RP,Infinity,,N,Lance McCullers,N,0.0,,,,,0.0,0.0,0.0,0.0,0.0,0.0,,,0.0,0.0
377,Dan Jennings,CWS,0.0,P,Infinity,0.0,RP,Infinity,,Y,Lance McCullers,N,0.0,,,,,0.0,0.0,0.0,0.0,0.0,0.0,,,0.0,0.0
378,Zach Duke,CWS,0.0,P,Infinity,0.0,RP,Infinity,,Y,Lance McCullers,N,0.0,,,,,0.0,0.0,0.0,0.0,0.0,0.0,,,0.0,0.0
379,Craig Kimbrel,SDP,0.0,P,Infinity,0.0,RP,Infinity,,Y,Francisco Liriano,Y,0.0,,,,,0.0,0.0,0.0,0.0,0.0,0.0,,,0.0,0.0
380,Dale Thayer,SDP,0.0,P,Infinity,0.0,RP,Infinity,,Y,Francisco Liriano,Y,0.0,,,,,0.0,0.0,0.0,0.0,0.0,0.0,,,0.0,0.0
381,Cory Mazzoni,SDP,0.0,P,Infinity,0.0,RP,Infinity,,Y,Francisco Liriano,Y,0.0,,,,,0.0,0.0,0.0,0.0,0.0,0.0,,,0.0,0.0
382,Kevin Quackenbush,SDP,0.0,P,Infinity,0.0,RP,Infinity,,Y,Francisco Liriano,Y,0.0,,,,,0.0,0.0,0.0,0.0,0.0,0.0,,,0.0,0.0
383,Joaquin Benoit,SDP,0.0,P,Infinity,0.0,RP,Infinity,,Y,Francisco Liriano,Y,0.0,,,,,0.0,0.0,0.0,0.0,0.0,0.0,,,0.0,0.0
384,Shawn Kelley,SDP,0.0,P,Infinity,0.0,RP,Infinity,,Y,Francisco Liriano,Y,0.0,,,,,0.0,0.0,0.0,0.0,0.0,0.0,,,0.0,0.0
385,Frank Garces,SDP,0.0,P,Infinity,0.0,RP,Infinity,,N,Francisco Liriano,Y,0.0,,,,,0.0,0.0,0.0,0.0,0.0,0.0,,,0.0,0.0
386,Arquimedes Caminero,PIT,0.0,P,Infinity,0.0,RP,Infinity,,N,James Shields,N,0.0,,,,,0.0,0.0,0.0,0.0,0.0,0.0,,,0.0,0.0
387,Mark Melancon,PIT,0.0,P,Infinity,0.0,RP,Infinity,,N,James Shields,N,0.0,,,,,0.0,0.0,0.0,0.0,0.0,0.0,,,0.0,0.0
388,Jared Hughes,PIT,0.0,P,Infinity,0.0,RP,Infinity,,N,James Shields,N,0.0,,,,,0.0,0.0,0.0,0.0,0.0,0.0,,,0.0,0.0
389,Vin Mazzaro,PIT,0.0,P,Infinity,0.0,RP,Infinity,,N,James Shields,N,0.0,,,,,0.0,0.0,0.0,0.0,0.0,0.0,,,0.0,0.0
390,Antonio Bastardo,PIT,0.0,P,Infinity,0.0,RP,Infinity,,N,James Shields,N,0.0,,,,,0.0,0.0,0.0,0.0,0.0,0.0,,,0.0,0.0
391,Rob Scahill,PIT,0.0,P,Infinity,0.0,RP,Infinity,,Y,James Shields,N,0.0,,,,,0.0,0.0,0.0,0.0,0.0,0.0,,,0.0,0.0
392,Tony Watson,PIT,0.0,P,Infinity,0.0,RP,Infinity,,Y,James Shields,N,0.0,,,,,0.0,0.0,0.0,0.0,0.0,0.0,,,0.0,0.0
393,Hector Rondon,CHC,0.0,P,Infinity,0.0,RP,Infinity,,N,Edinson Volquez,Y,0.0,,,,,0.0,0.0,0.0,0.0,0.0,0.0,,,0.0,0.0
394,Zac Rosscup,CHC,0.0,,,0.0,RP,Infinity,,N,Edinson Volquez,Y,0.0,,,,,0.0,0.0,0.0,0.0,0.0,0.0,,,0.0,0.0
395,Jason Motte,CHC,0.0,P,Infinity,0.0,RP,Infinity,,N,Edinson Volquez,Y,0.0,,,,,0.0,0.0,0.0,0.0,0.0,0.0,,,0.0,0.0
396,Justin Grimm,CHC,0.0,P,Infinity,0.0,RP,Infinity,,N,Edinson Volquez,Y,0.0,,,,,0.0,0.0,0.0,0.0,0.0,0.0,,,0.0,0.0
397,Pedro Strop,CHC,0.0,P,Infinity,0.0,RP,Infinity,,N,Edinson Volquez,Y,0.0,,,,,0.0,0.0,0.0,0.0,0.0,0.0,,,0.0,0.0
398,Kelvin Herrera,KAN,0.0,P,Infinity,0.0,RP,Infinity,,N,Jake Arrieta,N,0.0,,,,,0.0,0.0,0.0,0.0,0.0,0.0,,,0.0,0.0
399,Jason Frasor,KAN,0.0,P,Infinity,0.0,RP,Infinity,,N,Jake Arrieta,N,0.0,,,,,0.0,0.0,0.0,0.0,0.0,0.0,,,0.0,0.0
400,Greg Holland,KAN,0.0,P,Infinity,0.0,RP,Infinity,,N,Jake Arrieta,N,0.0,,,,,0.0,0.0,0.0,0.0,0.0,0.0,,,0.0,0.0
401,Wade Davis,KAN,0.0,P,Infinity,0.0,RP,Infinity,,N,Jake Arrieta,N,0.0,,,,,0.0,0.0,0.0,0.0,0.0,0.0,,,0.0,0.0
402,Luke Hochevar,KAN,0.0,P,Infinity,0.0,RP,Infinity,,N,Jake Arrieta,N,0.0,,,,,0.0,0.0,0.0,0.0,0.0,0.0,,,0.0,0.0
403,Ryan Madson,KAN,0.0,,,0.0,RP,Infinity,,Y,Jake Arrieta,N,0.0,,,,,0.0,0.0,0.0,0.0,0.0,0.0,,,0.0,0.0
404,Boone Logan,COL,0.0,P,Infinity,0.0,RP,Infinity,,Y,Cole Hamels,N,0.0,,,,,0.0,0.0,0.0,0.0,0.0,0.0,,,0.0,0.0
405,Scott Oberg,COL,0.0,P,Infinity,0.0,RP,Infinity,,Y,Cole Hamels,N,0.0,,,,,0.0,0.0,0.0,0.0,0.0,0.0,,,0.0,0.0
406,John Axford,COL,0.0,,,0.0,RP,Infinity,,Y,Cole Hamels,N,0.0,,,,,0.0,0.0,0.0,0.0,0.0,0.0,,,0.0,0.0
407,Rafael Betancourt,COL,0.0,,,0.0,RP,Infinity,,Y,Cole Hamels,N,0.0,,,,,0.0,0.0,0.0,0.0,0.0,0.0,,,0.0,0.0
408,Brooks Brown,COL,0.0,P,Infinity,0.0,RP,Infinity,,N,Cole Hamels,N,0.0,,,,,0.0,0.0,0.0,0.0,0.0,0.0,,,0.0,0.0
409,Jeanmar Gomez,PHI,0.0,P,Infinity,0.0,RP,Infinity,,N,Chad Bettis,Y,0.0,,,,,0.0,0.0,0.0,0.0,0.0,0.0,,,0.0,0.0
410,Luis Garcia,PHI,0.0,P,Infinity,0.0,RP,Infinity,,N,Chad Bettis,Y,0.0,,,,,0.0,0.0,0.0,0.0,0.0,0.0,,,0.0,0.0
411,Ken Giles,PHI,0.0,P,Infinity,0.0,RP,Infinity,,N,Chad Bettis,Y,0.0,,,,,0.0,0.0,0.0,0.0,0.0,0.0,,,0.0,0.0
412,Jonathan Papelbon,PHI,0.0,,,0.0,RP,Infinity,,N,Chad Bettis,Y,0.0,,,,,0.0,0.0,0.0,0.0,0.0,0.0,,,0.0,0.0
413,Jake Diekman,PHI,0.0,P,Infinity,0.0,RP,Infinity,,Y,Chad Bettis,Y,0.0,,,,,0.0,0.0,0.0,0.0,0.0,0.0,,,0.0,0.0
414,Justin De Fratus,PHI,0.0,P,Infinity,0.0,RP,Infinity,,Y,Chad Bettis,Y,0.0,,,,,0.0,0.0,0.0,0.0,0.0,0.0,,,0.0,0.0
415,Brandon Gomes,TAM,0.0,P,Infinity,0.0,RP,Infinity,,N,Miguel Gonzalez,N,0.0,,,,,0.0,0.0,0.0,0.0,0.0,0.0,,,0.0,0.0
416,Ernesto Frieri,TAM,0.0,P,Infinity,0.0,RP,Infinity,,N,Miguel Gonzalez,N,0.0,,,,,0.0,0.0,0.0,0.0,0.0,0.0,,,0.0,0.0
417,Kevin Jepsen,TAM,0.0,P,Infinity,0.0,RP,Infinity,,N,Miguel Gonzalez,N,0.0,,,,,0.0,0.0,0.0,0.0,0.0,0.0,,,0.0,0.0
418,Brad Boxberger,TAM,0.0,P,Infinity,0.0,RP,Infinity,,N,Miguel Gonzalez,N,0.0,,,,,0.0,0.0,0.0,0.0,0.0,0.0,,,0.0,0.0
419,Jake McGee,TAM,0.0,P,Infinity,0.0,RP,Infinity,,Y,Miguel Gonzalez,N,0.0,,,,,0.0,0.0,0.0,0.0,0.0,0.0,,,0.0,0.0
420,Xavier Cedeno,TAM,0.0,P,Infinity,0.0,RP,Infinity,,Y,Miguel Gonzalez,N,0.0,,,,,0.0,0.0,0.0,0.0,0.0,0.0,,,0.0,0.0
421,Tommy Hunter,BAL,0.0,P,Infinity,0.0,RP,Infinity,,N,Nate Karns,Y,0.0,,,,,0.0,0.0,0.0,0.0,0.0,0.0,,,0.0,0.0
422,Tyler Wilson,BAL,0.0,P,Infinity,0.0,RP,Infinity,,N,Nate Karns,Y,0.0,,,,,0.0,0.0,0.0,0.0,0.0,0.0,,,0.0,0.0
423,Chaz Roe,BAL,0.0,P,Infinity,0.0,RP,Infinity,,N,Nate Karns,Y,0.0,,,,,0.0,0.0,0.0,0.0,0.0,0.0,,,0.0,0.0
424,Darren O'Day,BAL,0.0,P,Infinity,0.0,RP,Infinity,,N,Nate Karns,Y,0.0,,,,,0.0,0.0,0.0,0.0,0.0,0.0,,,0.0,0.0
425,Brad Brach,BAL,0.0,P,Infinity,0.0,RP,Infinity,,N,Nate Karns,Y,0.0,,,,,0.0,0.0,0.0,0.0,0.0,0.0,,,0.0,0.0
426,Zach Britton,BAL,0.0,P,Infinity,0.0,RP,Infinity,,Y,Nate Karns,Y,0.0,,,,,0.0,0.0,0.0,0.0,0.0,0.0,,,0.0,0.0
427,Brian Matusz,BAL,0.0,P,Infinity,0.0,RP,Infinity,,Y,Nate Karns,Y,0.0,,,,,0.0,0.0,0.0,0.0,0.0,0.0,,,0.0,0.0
428,Erik Goeddel,NYM,0.0,P,Infinity,0.0,RP,Infinity,,N,Dan Haren,Y,0.0,,,,,0.0,0.0,0.0,0.0,0.0,0.0,,,0.0,0.0
429,Jeurys Familia,NYM,0.0,P,Infinity,0.0,RP,Infinity,,N,Dan Haren,Y,0.0,,,,,0.0,0.0,0.0,0.0,0.0,0.0,,,0.0,0.0
430,John Leathersich,NYM,0.0,P,Infinity,0.0,RP,Infinity,,N,Dan Haren,Y,0.0,,,,,0.0,0.0,0.0,0.0,0.0,0.0,,,0.0,0.0
431,Hansel Robles,NYM,0.0,P,Infinity,0.0,RP,Infinity,,N,Dan Haren,Y,0.0,,,,,0.0,0.0,0.0,0.0,0.0,0.0,,,0.0,0.0
432,Alex Torres,NYM,0.0,P,Infinity,0.0,RP,Infinity,,Y,Dan Haren,Y,0.0,,,,,0.0,0.0,0.0,0.0,0.0,0.0,,,0.0,0.0
433,Sean Gilmartin,NYM,0.0,P,Infinity,0.0,RP,Infinity,,Y,Dan Haren,Y,0.0,,,,,0.0,0.0,0.0,0.0,0.0,0.0,,,0.0,0.0
434,Steve Cishek,MIA,0.0,,,0.0,RP,Infinity,,N,Matt Harvey,N,0.0,,,,,0.0,0.0,0.0,0.0,0.0,0.0,,,0.0,0.0
435,A.J. Ramos,MIA,0.0,P,Infinity,0.0,RP,Infinity,,N,Matt Harvey,N,0.0,,,,,0.0,0.0,0.0,0.0,0.0,0.0,,,0.0,0.0
436,Sam Dyson,MIA,0.0,P,Infinity,0.0,RP,Infinity,,N,Matt Harvey,N,0.0,,,,,0.0,0.0,0.0,0.0,0.0,0.0,,,0.0,0.0
437,Carter Capps,MIA,0.0,P,Infinity,0.0,RP,Infinity,,N,Matt Harvey,N,0.0,,,,,0.0,0.0,0.0,0.0,0.0,0.0,,,0.0,0.0
438,Bryan Morris,MIA,0.0,P,Infinity,0.0,RP,Infinity,,Y,Matt Harvey,N,0.0,,,,,0.0,0.0,0.0,0.0,0.0,0.0,,,0.0,0.0
439,Mike Dunn,MIA,0.0,P,Infinity,0.0,RP,Infinity,,Y,Matt Harvey,N,0.0,,,,,0.0,0.0,0.0,0.0,0.0,0.0,,,0.0,0.0
440,Aaron Barrett,WAS,0.0,P,Infinity,0.0,RP,Infinity,,N,Anthony DeSclafani,N,0.0,,,,,0.0,0.0,0.0,0.0,0.0,0.0,,,0.0,0.0
441,Casey Janssen,WAS,0.0,P,Infinity,0.0,RP,Infinity,,N,Anthony DeSclafani,N,0.0,,,,,0.0,0.0,0.0,0.0,0.0,0.0,,,0.0,0.0
442,Matt Thornton,WAS,0.0,P,Infinity,0.0,RP,Infinity,,Y,Anthony DeSclafani,N,0.0,,,,,0.0,0.0,0.0,0.0,0.0,0.0,,,0.0,0.0
443,Burke Badenhop,CIN,0.0,P,Infinity,0.0,RP,Infinity,,N,Stephen Strasburg,Y,0.0,,,,,0.0,0.0,0.0,0.0,0.0,0.0,,,0.0,0.0
444,Jumbo Diaz,CIN,0.0,,,0.0,RP,Infinity,,N,Stephen Strasburg,Y,0.0,,,,,0.0,0.0,0.0,0.0,0.0,0.0,,,0.0,0.0
445,J.J. Hoover,CIN,0.0,P,Infinity,0.0,RP,Infinity,,N,Stephen Strasburg,Y,0.0,,,,,0.0,0.0,0.0,0.0,0.0,0.0,,,0.0,0.0
446,Ryan Mattheus,CIN,0.0,P,Infinity,0.0,RP,Infinity,,N,Stephen Strasburg,Y,0.0,,,,,0.0,0.0,0.0,0.0,0.0,0.0,,,0.0,0.0
447,Manny Parra,CIN,0.0,P,Infinity,0.0,RP,Infinity,,Y,Stephen Strasburg,Y,0.0,,,,,0.0,0.0,0.0,0.0,0.0,0.0,,,0.0,0.0
448,Aroldis Chapman,CIN,0.0,,,0.0,RP,Infinity,,Y,Stephen Strasburg,Y,0.0,,,,,0.0,0.0,0.0,0.0,0.0,0.0,,,0.0,0.0
449,J.C. Ramirez,ARI,0.0,P,Infinity,0.0,RP,Infinity,,N,Jimmy Nelson,N,0.0,,,,,0.0,0.0,0.0,0.0,0.0,0.0,,,0.0,0.0
450,Brad Ziegler,ARI,0.0,P,Infinity,0.0,RP,Infinity,,N,Jimmy Nelson,N,0.0,,,,,0.0,0.0,0.0,0.0,0.0,0.0,,,0.0,0.0
451,Oliver Perez,ARI,0.0,P,Infinity,0.0,RP,Infinity,,Y,Jimmy Nelson,N,0.0,,,,,0.0,0.0,0.0,0.0,0.0,0.0,,,0.0,0.0
452,Addison Reed,ARI,0.0,P,Infinity,0.0,RP,Infinity,,Y,Jimmy Nelson,N,0.0,,,,,0.0,0.0,0.0,0.0,0.0,0.0,,,0.0,0.0
453,Will Smith,MIL,0.0,P,Infinity,0.0,RP,Infinity,,N,Rubby de la Rosa,Y,0.0,,,,,0.0,0.0,0.0,0.0,0.0,0.0,,,0.0,0.0
454,Jonathan Broxton,MIL,0.0,P,Infinity,0.0,RP,Infinity,,N,Rubby de la Rosa,Y,0.0,,,,,0.0,0.0,0.0,0.0,0.0,0.0,,,0.0,0.0
455,David Goforth,MIL,0.0,P,Infinity,0.0,RP,Infinity,,N,Rubby de la Rosa,Y,0.0,,,,,0.0,0.0,0.0,0.0,0.0,0.0,,,0.0,0.0
456,Corey Knebel,MIL,0.0,P,Infinity,0.0,RP,Infinity,,N,Rubby de la Rosa,Y,0.0,,,,,0.0,0.0,0.0,0.0,0.0,0.0,,,0.0,0.0
457,Michael Blazek,MIL,0.0,P,Infinity,0.0,RP,Infinity,,N,Rubby de la Rosa,Y,0.0,,,,,0.0,0.0,0.0,0.0,0.0,0.0,,,0.0,0.0
458,Francisco Rodriguez,MIL,0.0,,,0.0,RP,Infinity,,N,Rubby de la Rosa,Y,0.0,,,,,0.0,0.0,0.0,0.0,0.0,0.0,,,0.0,0.0
459,Jeremy Jeffress,MIL,0.0,P,Infinity,0.0,RP,Infinity,,N,Rubby de la Rosa,Y,0.0,,,,,0.0,0.0,0.0,0.0,0.0,0.0,,,0.0,0.0
460,Brandon Kintzler,MIL,0.0,P,Infinity,0.0,RP,Infinity,,N,Rubby de la Rosa,Y,0.0,,,,,0.0,0.0,0.0,0.0,0.0,0.0,,,0.0,0.0
461,Neal Cotts,MIL,0.0,P,Infinity,0.0,RP,Infinity,,Y,Rubby de la Rosa,Y,0.0,,,,,0.0,0.0,0.0,0.0,0.0,0.0,,,0.0,0.0
462,Ryan Pressly,MIN,0.0,P,Infinity,0.0,RP,Infinity,,Y,Mark Buehrle,Y,0.0,,,,,0.0,0.0,0.0,0.0,0.0,0.0,,,0.0,0.0
463,Michael Tonkin,MIN,0.0,P,Infinity,0.0,RP,Infinity,,Y,Mark Buehrle,Y,0.0,,,,,0.0,0.0,0.0,0.0,0.0,0.0,,,0.0,0.0
464,J.R. Graham,MIN,0.0,P,Infinity,0.0,RP,Infinity,,Y,Mark Buehrle,Y,0.0,,,,,0.0,0.0,0.0,0.0,0.0,0.0,,,0.0,0.0
465,Blaine Boyer,MIN,0.0,P,Infinity,0.0,RP,Infinity,,Y,Mark Buehrle,Y,0.0,,,,,0.0,0.0,0.0,0.0,0.0,0.0,,,0.0,0.0
466,Brian Duensing,MIN,0.0,P,Infinity,0.0,RP,Infinity,,N,Mark Buehrle,Y,0.0,,,,,0.0,0.0,0.0,0.0,0.0,0.0,,,0.0,0.0
467,Glen Perkins,MIN,0.0,,,0.0,RP,Infinity,,N,Mark Buehrle,Y,0.0,,,,,0.0,0.0,0.0,0.0,0.0,0.0,,,0.0,0.0
468,Aaron Thompson,MIN,0.0,P,Infinity,0.0,RP,Infinity,,N,Mark Buehrle,Y,0.0,,,,,0.0,0.0,0.0,0.0,0.0,0.0,,,0.0,0.0
469,Steve Delabar,TOR,0.0,P,Infinity,0.0,RP,Infinity,,N,Trevor May,N,0.0,,,,,0.0,0.0,0.0,0.0,0.0,0.0,,,0.0,0.0
470,Brett Cecil,TOR,0.0,P,Infinity,0.0,RP,Infinity,,N,Trevor May,N,0.0,,,,,0.0,0.0,0.0,0.0,0.0,0.0,,,0.0,0.0
471,Dennis Tepera,TOR,0.0,P,Infinity,0.0,RP,Infinity,,N,Trevor May,N,0.0,,,,,0.0,0.0,0.0,0.0,0.0,0.0,,,0.0,0.0
472,Aaron Loup,TOR,0.0,P,Infinity,0.0,RP,Infinity,,Y,Trevor May,N,0.0,,,,,0.0,0.0,0.0,0.0,0.0,0.0,,,0.0,0.0
473,Yimi Garcia,LOS,0.0,P,Infinity,0.0,RP,Infinity,,N,John Lackey,N,0.0,,,,,0.0,0.0,0.0,0.0,0.0,0.0,,,0.0,0.0
474,Adam Liberatore,LOS,0.0,P,Infinity,0.0,RP,Infinity,,Y,John Lackey,N,0.0,,,,,0.0,0.0,0.0,0.0,0.0,0.0,,,0.0,0.0
475,J.P. Howell,LOS,0.0,P,Infinity,0.0,RP,Infinity,,Y,John Lackey,N,0.0,,,,,0.0,0.0,0.0,0.0,0.0,0.0,,,0.0,0.0
476,Paco Rodriguez,LOS,0.0,,,0.0,RP,Infinity,,Y,John Lackey,N,0.0,,,,,0.0,0.0,0.0,0.0,0.0,0.0,,,0.0,0.0
477,Chris Hatcher,LOS,0.0,P,Infinity,0.0,RP,Infinity,,Y,John Lackey,N,0.0,,,,,0.0,0.0,0.0,0.0,0.0,0.0,,,0.0,0.0
478,Kenley Jansen,LOS,0.0,P,Infinity,0.0,RP,Infinity,,Y,John Lackey,N,0.0,,,,,0.0,0.0,0.0,0.0,0.0,0.0,,,0.0,0.0
479,Trevor Rosenthal,STL,0.0,P,Infinity,0.0,RP,Infinity,,N,Mike Bolsinger,Y,0.0,,,,,0.0,0.0,0.0,0.0,0.0,0.0,,,0.0,0.0
480,Seth Maness,STL,0.0,P,Infinity,0.0,RP,Infinity,,N,Mike Bolsinger,Y,0.0,,,,,0.0,0.0,0.0,0.0,0.0,0.0,,,0.0,0.0
481,Edward Easley,STL,0.0,C,Infinity,0.0,C,Infinity,,N,Mike Bolsinger,Y,0.0,,,,,0.0,0.0,0.0,0.0,0.0,0.0,,,0.0,0.0
482,Juan Uribe,ATL,0.0,3B,Infinity,0.0,3B,Infinity,5,N,Tim Hudson,N,0.0,,,,,0.0,0.0,0.0,0.0,0.0,0.0,0.0,0.0,0.0,0.0
483,Jonny Gomes,ATL,0.0,OF,Infinity,0.0,OF,Infinity,7,N,Tim Hudson,N,0.0,,,,,0.0,0.0,0.0,0.0,0.0,0.0,0.0,0.0,0.0,0.0
484,Alberto Callaspo,ATL,0.0,3B,Infinity,0.0,2B/3B,Infinity,7,Y,Tim Hudson,N,0.0,,,,,0.0,0.0,0.0,0.0,0.0,0.0,0.0,0.0,0.0,0.0
485,Pedro Ciriaco,ATL,0.0,SS,Infinity,0.0,2B/3B,Infinity,8,N,Tim Hudson,N,0.0,,,,,0.0,0.0,0.0,0.0,0.0,0.0,0.0,0.0,0.0,0.0
486,Christian Bethancourt,ATL,0.0,C,Infinity,0.0,C,Infinity,8,N,Tim Hudson,N,0.0,,,,,0.0,0.0,0.0,0.0,0.0,0.0,0.0,0.0,0.0,0.0
487,Eric Young,ATL,0.0,OF,Infinity,0.0,OF,Infinity,8,Y,Tim Hudson,N,0.0,,,,,0.0,0.0,0.0,0.0,0.0,0.0,0.0,0.0,0.0,0.0
488,Justin Maxwell,SFG,0.0,OF,Infinity,0.0,OF,Infinity,7,N,Mike Foltynewicz,Y,0.0,,,,,0.0,0.0,0.0,0.0,0.0,0.0,0.0,0.0,0.0,0.0
489,Gregor Blanco,SFG,0.0,OF,Infinity,0.0,OF,Infinity,7,Y,Mike Foltynewicz,Y,0.0,,,,,0.0,0.0,0.0,0.0,0.0,0.0,0.0,0.0,0.0,0.0
490,Joaquin Arias,SFG,0.0,2B,Infinity,0.0,2B/3B,Infinity,8,N,Mike Foltynewicz,Y,0.0,,,,,0.0,0.0,0.0,0.0,0.0,0.0,0.0,0.0,0.0,0.0
491,Andrew Susac,SFG,0.0,C,Infinity,0.0,C,Infinity,8,N,Mike Foltynewicz,Y,0.0,,,,,0.0,0.0,0.0,0.0,0.0,0.0,0.0,0.0,0.0,0.0
492,Pete Kozma,STL,0.0,SS,Infinity,0.0,2B/SS,Infinity,9,N,Mike Bolsinger,Y,0.0,,,,,0.0,0.0,0.0,0.0,0.0,0.0,0.0,0.0,0.0,0.0
493,Carlos Villanueva,STL,0.0,P,Infinity,0.0,RP,Infinity,9,N,Mike Bolsinger,Y,0.0,,,,,0.0,0.0,0.0,0.0,0.0,0.0,0.0,0.0,0.0,0.0
494,Yusmeiro Petit,SFG,0.0,P,Infinity,0.0,RP,Infinity,9,N,Mike Foltynewicz,Y,0.0,,,,,0.0,0.0,0.0,0.0,0.0,0.0,0.0,0.0,0.0,0.0
495,Mike Aviles,CLE,0.0,SS,Infinity,0.0,OF/SS,Infinity,2,N,Taijuan Walker,N,0.0,,,,,0.0,0.0,0.0,0.0,0.0,0.0,0.0,0.0,0.0,0.0
496,Carlos Santana,CLE,0.0,1B,Infinity,0.0,1B/C,Infinity,2,Y,Taijuan Walker,N,0.0,,,,,0.0,0.0,0.0,0.0,0.0,0.0,0.0,0.0,0.0,0.0
497,Ryan Raburn,CLE,0.0,OF,Infinity,0.0,OF,Infinity,4,N,Taijuan Walker,N,0.0,,,,,0.0,0.0,0.0,0.0,0.0,0.0,0.0,0.0,0.0,0.0
498,Tyler Collins,DET,0.0,OF,Infinity,0.0,OF,Infinity,5,N,Hector Santiago,N,0.0,,,,,0.0,0.0,0.0,0.0,0.0,0.0,0.0,0.0,0.0,0.0
499,Yan Gomes,CLE,0.0,C,Infinity,0.0,C,Infinity,6,N,Taijuan Walker,N,0.0,,,,,0.0,0.0,0.0,0.0,0.0,0.0,0.0,0.0,0.0,0.0
500,Bryan Holaday,DET,0.0,C,Infinity,0.0,C,Infinity,7,Y,Hector Santiago,N,0.0,,,,,0.0,0.0,0.0,0.0,0.0,0.0,0.0,0.0,0.0,0.0
